,zip,county
0,12007,Albany
1,12009,Albany
2,12023,Albany
3,12041,Albany
4,12045,Albany
5,12046,Albany
6,12047,Albany
7,12053,Albany
8,12054,Albany
9,12055,Albany
10,12059,Albany
11,12067,Albany
12,12077,Albany
13,12083,Albany
14,12084,Albany
15,12085,Albany
16,12087,Albany
17,12107,Albany
18,12110,Albany
19,12120,Albany
20,12122,Albany
21,12128,Albany
22,12143,Albany
23,12147,Albany
24,12157,Albany
25,12158,Albany
26,12159,Albany
27,12161,Albany
28,12183,Albany
29,12186,Albany
30,12189,Albany
31,12193,Albany
32,12201,Albany
33,12202,Albany
34,12203,Albany
35,12204,Albany
36,12205,Albany
37,12206,Albany
38,12207,Albany
39,12208,Albany
40,12209,Albany
41,12210,Albany
42,12211,Albany
43,12212,Albany
44,12220,Albany
45,12222,Albany
46,12223,Albany
47,12224,Albany
48,12226,Albany
49,12227,Albany
50,12228,Albany
51,12229,Albany
52,12230,Albany
53,12231,Albany
54,12232,Albany
55,12233,Albany
56,12234,Albany
57,12235,Albany
58,12236,Albany
59,12237,Albany
60,12238,Albany
61,12239,Albany
62,12240,Albany
63,12241,Albany
64,12242,Albany
65,12243,Albany
66,12244,Albany
67,12245,Albany
68,12246,Albany
69,12247,Albany
70,12248,Albany
71,12249,Albany
72,12250,Albany
73,12252,Albany
74,12255,Albany
75,12256,Albany
76,12257,Albany
77,12260,Albany
78,12261,Albany
79,12288,Albany
80,12303,Albany
81,12304,Albany
82,12306,Albany
83,12309,Albany
84,12460,Albany
85,12469,Albany
86,14024,Allegany
87,14029,Allegany
88,14060,Allegany
89,14065,Allegany
90,14437,Allegany
91,14536,Allegany
92,14707,Allegany
93,14708,Allegany
94,14709,Allegany
95,14711,Allegany
96,14714,Allegany
97,14715,Allegany
98,14717,Allegany
99,14721,Allegany
100,14727,Allegany
101,14735,Allegany
102,14737,Allegany
103,14739,Allegany
104,14744,Allegany
105,14745,Allegany
106,14754,Allegany
107,14770,Allegany
108,14774,Allegany
109,14777,Allegany
110,14786,Allegany
111,14802,Allegany
112,14803,Allegany
113,14804,Allegany
114,14806,Allegany
115,14807,Allegany
116,14813,Allegany
117,14822,Allegany
118,14836,Allegany
119,14843,Allegany
120,14846,Allegany
121,14880,Allegany
122,14884,Allegany
123,14895,Allegany
124,14897,Allegany
125,10451,Bronx
126,10452,Bronx
127,10453,Bronx
128,10454,Bronx
129,10455,Bronx
130,10456,Bronx
131,10457,Bronx
132,10458,Bronx
133,10459,Bronx
134,10460,Bronx
135,10461,Bronx
136,10462,Bronx
137,10463,Bronx
138,10464,Bronx
139,10465,Bronx
140,10466,Bronx
141,10467,Bronx
142,10468,Bronx
143,10469,Bronx
144,10470,Bronx
145,10471,Bronx
146,10472,Bronx
147,10473,Bronx
148,10474,Bronx
149,10475,Bronx
150,10499,Bronx
151,10550,Bronx
152,10704,Bronx
153,10705,Bronx
154,10803,Bronx
155,13730,Broome
156,13736,Broome
157,13737,Broome
158,13744,Broome
159,13745,Broome
160,13746,Broome
161,13748,Broome
162,13749,Broome
163,13754,Broome
164,13760,Broome
165,13761,Broome
166,13762,Broome
167,13763,Broome
168,13777,Broome
169,13778,Broome
170,13787,Broome
171,13790,Broome
172,13794,Broome
173,13795,Broome
174,13797,Broome
175,13802,Broome
176,13803,Broome
177,13811,Broome
178,13813,Broome
179,13826,Broome
180,13833,Broome
181,13835,Broome
182,13848,Broome
183,13850,Broome
184,13851,Broome
185,13862,Broome
186,13863,Broome
187,13865,Broome
188,13901,Broome
189,13902,Broome
190,13903,Broome
191,13904,Broome
192,13905,Broome
193,14009,Cattaraugus
194,14030,Cattaraugus
195,14041,Cattaraugus
196,14042,Cattaraugus
199,14070,Cattaraugus
200,14081,Cattaraugus
201,14101,Cattaraugus
202,14129,Cattaraugus
203,14133,Cattaraugus
204,14138,Cattaraugus
205,14141,Cattaraugus
206,14168,Cattaraugus
207,14171,Cattaraugus
208,14173,Cattaraugus
209,14706,Cattaraugus
210,14719,Cattaraugus
211,14726,Cattaraugus
213,14729,Cattaraugus
214,14730,Cattaraugus
215,14731,Cattaraugus
217,14738,Cattaraugus
218,14741,Cattaraugus
219,14743,Cattaraugus
220,14747,Cattaraugus
221,14748,Cattaraugus
222,14751,Cattaraugus
223,14753,Cattaraugus
224,14755,Cattaraugus
225,14760,Cattaraugus
226,14766,Cattaraugus
228,14772,Cattaraugus
229,14778,Cattaraugus
230,14779,Cattaraugus
231,14783,Cattaraugus
232,14788,Cattaraugus
233,13021,Cayuga
234,13022,Cayuga
235,13024,Cayuga
236,13026,Cayuga
237,13027,Cayuga
238,13033,Cayuga
239,13034,Cayuga
240,13045,Cayuga
241,13064,Cayuga
242,13071,Cayuga
243,13073,Cayuga
244,13074,Cayuga
245,13080,Cayuga
246,13081,Cayuga
247,13092,Cayuga
248,13111,Cayuga
249,13113,Cayuga
250,13117,Cayuga
251,13118,Cayuga
252,13126,Cayuga
253,13139,Cayuga
254,13140,Cayuga
255,13143,Cayuga
256,13147,Cayuga
257,13152,Cayuga
258,13156,Cayuga
259,13160,Cayuga
260,13166,Cayuga
261,14882,Cayuga
262,14048,Chautauqua
263,14062,Chautauqua
264,14063,Chautauqua
266,14135,Chautauqua
267,14136,Chautauqua
269,14166,Chautauqua
270,14701,Chautauqua
271,14702,Chautauqua
272,14710,Chautauqua
273,14712,Chautauqua
274,14716,Chautauqua
275,14718,Chautauqua
276,14720,Chautauqua
277,14722,Chautauqua
278,14723,Chautauqua
279,14724,Chautauqua
281,14728,Chautauqua
282,14732,Chautauqua
283,14733,Chautauqua
284,14736,Chautauqua
286,14740,Chautauqua
287,14742,Chautauqua
289,14750,Chautauqua
290,14752,Chautauqua
291,14756,Chautauqua
292,14757,Chautauqua
293,14758,Chautauqua
294,14767,Chautauqua
295,14769,Chautauqua
296,14775,Chautauqua
297,14781,Chautauqua
298,14782,Chautauqua
299,14784,Chautauqua
300,14785,Chautauqua
301,14787,Chautauqua
302,14805,Chemung
303,14812,Chemung
304,14814,Chemung
305,14816,Chemung
306,14824,Chemung
307,14825,Chemung
308,14830,Chemung
309,14838,Chemung
310,14845,Chemung
311,14859,Chemung
312,14861,Chemung
313,14864,Chemung
314,14871,Chemung
315,14872,Chemung
316,14889,Chemung
317,14892,Chemung
318,14894,Chemung
319,14901,Chemung
320,14902,Chemung
321,14903,Chemung
322,14904,Chemung
323,14905,Chemung
324,14925,Chemung
325,13040,Chenango
326,13052,Chenango
327,13072,Chenango
328,13124,Chenango
329,13136,Chenango
330,13155,Chenango
331,13332,Chenango
332,13411,Chenango
333,13460,Chenango
334,13464,Chenango
335,13485,Chenango
337,13733,Chenango
339,13758,Chenango
341,13780,Chenango
343,13801,Chenango
344,13809,Chenango
346,13814,Chenango
347,13815,Chenango
348,13830,Chenango
349,13832,Chenango
351,13841,Chenango
352,13843,Chenango
353,13844,Chenango
355,12901,Clinton
356,12903,Clinton
357,12910,Clinton
358,12911,Clinton
359,12912,Clinton
360,12918,Clinton
361,12919,Clinton
362,12920,Clinton
363,12921,Clinton
364,12923,Clinton
365,12924,Clinton
366,12929,Clinton
367,12933,Clinton
368,12934,Clinton
369,12935,Clinton
370,12944,Clinton
371,12952,Clinton
372,12955,Clinton
373,12958,Clinton
374,12959,Clinton
375,12962,Clinton
376,12972,Clinton
377,12978,Clinton
378,12979,Clinton
379,12981,Clinton
380,12985,Clinton
381,12992,Clinton
382,12997,Clinton
383,12017,Columbia
384,12024,Columbia
385,12029,Columbia
386,12037,Columbia
387,12050,Columbia
388,12060,Columbia
389,12062,Columbia
390,12075,Columbia
391,12106,Columbia
392,12115,Columbia
393,12123,Columbia
394,12125,Columbia
395,12130,Columbia
396,12132,Columbia
397,12136,Columbia
398,12156,Columbia
399,12165,Columbia
400,12168,Columbia
401,12172,Columbia
402,12173,Columbia
403,12174,Columbia
404,12184,Columbia
405,12195,Columbia
406,12502,Columbia
407,12503,Columbia
408,12513,Columbia
409,12516,Columbia
410,12517,Columbia
411,12521,Columbia
412,12523,Columbia
413,12526,Columbia
414,12529,Columbia
415,12530,Columbia
416,12534,Columbia
417,12541,Columbia
418,12544,Columbia
419,12546,Columbia
420,12565,Columbia
421,12567,Columbia
422,12571,Columbia
423,12583,Columbia
427,13053,Cortland
428,13056,Cortland
429,13077,Cortland
430,13087,Cortland
431,13101,Cortland
432,13141,Cortland
433,13158,Cortland
434,13159,Cortland
435,13738,Cortland
436,13784,Cortland
440,12093,Delaware
441,12155,Delaware
442,12167,Delaware
443,12406,Delaware
444,12421,Delaware
445,12430,Delaware
446,12434,Delaware
447,12438,Delaware
448,12455,Delaware
449,12459,Delaware
450,12465,Delaware
451,12468,Delaware
452,12474,Delaware
453,12758,Delaware
454,12760,Delaware
455,12776,Delaware
456,13731,Delaware
458,13739,Delaware
459,13740,Delaware
460,13750,Delaware
461,13751,Delaware
462,13752,Delaware
463,13753,Delaware
465,13755,Delaware
466,13756,Delaware
467,13757,Delaware
468,13774,Delaware
469,13775,Delaware
470,13782,Delaware
471,13783,Delaware
472,13786,Delaware
473,13788,Delaware
474,13804,Delaware
475,13806,Delaware
476,13820,Delaware
477,13825,Delaware
478,13838,Delaware
479,13839,Delaware
480,13842,Delaware
481,13846,Delaware
482,13847,Delaware
483,13849,Delaware
484,13856,Delaware
485,13860,Delaware
486,10516,Dutchess
487,12501,Dutchess
488,12504,Dutchess
489,12506,Dutchess
490,12507,Dutchess
491,12508,Dutchess
492,12510,Dutchess
493,12511,Dutchess
494,12512,Dutchess
495,12514,Dutchess
496,12522,Dutchess
497,12524,Dutchess
498,12527,Dutchess
499,12531,Dutchess
500,12533,Dutchess
501,12537,Dutchess
502,12538,Dutchess
503,12540,Dutchess
504,12545,Dutchess
506,12564,Dutchess
508,12569,Dutchess
509,12570,Dutchess
511,12572,Dutchess
512,12574,Dutchess
513,12578,Dutchess
514,12580,Dutchess
515,12581,Dutchess
516,12582,Dutchess
518,12585,Dutchess
519,12590,Dutchess
520,12592,Dutchess
521,12594,Dutchess
522,12601,Dutchess
523,12602,Dutchess
524,12603,Dutchess
525,12604,Dutchess
526,14001,Erie
527,14004,Erie
528,14006,Erie
529,14010,Erie
530,14013,Erie
531,14025,Erie
532,14026,Erie
533,14027,Erie
535,14031,Erie
536,14032,Erie
537,14033,Erie
538,14034,Erie
539,14035,Erie
540,14037,Erie
541,14038,Erie
542,14043,Erie
543,14047,Erie
544,14051,Erie
545,14052,Erie
546,14055,Erie
547,14057,Erie
548,14059,Erie
549,14061,Erie
550,14068,Erie
551,14069,Erie
553,14072,Erie
554,14075,Erie
555,14080,Erie
557,14085,Erie
558,14086,Erie
559,14091,Erie
560,14102,Erie
561,14110,Erie
562,14111,Erie
563,14112,Erie
564,14127,Erie
565,14134,Erie
566,14139,Erie
567,14140,Erie
569,14145,Erie
570,14150,Erie
571,14151,Erie
572,14169,Erie
573,14170,Erie
574,14201,Erie
575,14202,Erie
576,14203,Erie
577,14204,Erie
578,14205,Erie
579,14206,Erie
580,14207,Erie
581,14208,Erie
582,14209,Erie
583,14210,Erie
584,14211,Erie
585,14212,Erie
586,14213,Erie
587,14214,Erie
588,14215,Erie
589,14216,Erie
590,14217,Erie
591,14218,Erie
592,14219,Erie
593,14220,Erie
594,14221,Erie
595,14222,Erie
596,14223,Erie
597,14224,Erie
598,14225,Erie
599,14226,Erie
600,14227,Erie
601,14228,Erie
602,14231,Erie
603,14233,Erie
604,14240,Erie
605,14241,Erie
606,14260,Erie
607,14261,Erie
608,14263,Erie
609,14264,Erie
610,14265,Erie
611,14267,Erie
612,14269,Erie
613,14270,Erie
614,14272,Erie
615,14273,Erie
616,14276,Erie
617,14280,Erie
618,12836,Essex
619,12851,Essex
620,12852,Essex
621,12853,Essex
622,12855,Essex
623,12857,Essex
624,12858,Essex
625,12870,Essex
626,12872,Essex
627,12879,Essex
628,12883,Essex
631,12913,Essex
632,12928,Essex
633,12932,Essex
634,12936,Essex
635,12941,Essex
636,12942,Essex
637,12943,Essex
639,12946,Essex
640,12950,Essex
641,12956,Essex
642,12960,Essex
643,12961,Essex
644,12964,Essex
646,12974,Essex
647,12975,Essex
648,12977,Essex
649,12983,Essex
650,12987,Essex
651,12989,Essex
652,12993,Essex
653,12996,Essex
655,12998,Essex
658,12914,Franklin
659,12915,Franklin
660,12916,Franklin
661,12917,Franklin
663,12926,Franklin
664,12930,Franklin
665,12937,Franklin
666,12939,Franklin
667,12945,Franklin
668,12953,Franklin
670,12957,Franklin
671,12966,Franklin
672,12967,Franklin
673,12969,Franklin
674,12970,Franklin
675,12976,Franklin
676,12980,Franklin
678,12986,Franklin
680,12995,Franklin
681,13655,Franklin
682,13683,Franklin
683,12010,Fulton
684,12025,Fulton
685,12032,Fulton
686,12068,Fulton
687,12070,Fulton
688,12078,Fulton
689,12086,Fulton
690,12095,Fulton
691,12117,Fulton
692,12134,Fulton
693,13329,Fulton
694,13339,Fulton
695,13452,Fulton
696,13454,Fulton
697,13470,Fulton
700,14005,Genesee
701,14011,Genesee
703,14020,Genesee
704,14021,Genesee
705,14036,Genesee
706,14040,Genesee
707,14054,Genesee
708,14056,Genesee
709,14058,Genesee
710,14103,Genesee
711,14105,Genesee
712,14125,Genesee
713,14143,Genesee
714,14416,Genesee
715,14422,Genesee
716,14428,Genesee
717,14482,Genesee
718,14525,Genesee
719,14557,Genesee
720,14591,Genesee
721,12015,Greene
722,12042,Greene
724,12051,Greene
725,12058,Greene
728,12124,Greene
730,12176,Greene
731,12192,Greene
732,12405,Greene
733,12407,Greene
734,12413,Greene
735,12414,Greene
736,12418,Greene
737,12422,Greene
738,12423,Greene
739,12424,Greene
740,12427,Greene
742,12431,Greene
743,12436,Greene
744,12439,Greene
745,12442,Greene
746,12444,Greene
747,12450,Greene
748,12451,Greene
749,12452,Greene
750,12454,Greene
752,12463,Greene
755,12470,Greene
756,12473,Greene
757,12477,Greene
758,12480,Greene
759,12482,Greene
760,12485,Greene
761,12492,Greene
762,12495,Greene
763,12496,Greene
765,12108,Hamilton
767,12139,Hamilton
768,12164,Hamilton
769,12190,Hamilton
770,12812,Hamilton
771,12842,Hamilton
772,12847,Hamilton
773,12864,Hamilton
774,13331,Hamilton
775,13353,Hamilton
776,13360,Hamilton
777,13436,Hamilton
778,13304,Herkimer
779,13322,Herkimer
780,13324,Herkimer
783,13338,Herkimer
785,13340,Herkimer
786,13350,Herkimer
787,13357,Herkimer
788,13361,Herkimer
789,13365,Herkimer
790,13367,Herkimer
791,13406,Herkimer
792,13407,Herkimer
793,13413,Herkimer
794,13416,Herkimer
795,13420,Herkimer
796,13431,Herkimer
797,13438,Herkimer
798,13439,Herkimer
800,13456,Herkimer
802,13472,Herkimer
803,13475,Herkimer
804,13491,Herkimer
805,13501,Herkimer
806,13502,Herkimer
807,13083,Jefferson
808,13145,Jefferson
809,13601,Jefferson
810,13602,Jefferson
811,13603,Jefferson
812,13605,Jefferson
813,13606,Jefferson
814,13607,Jefferson
815,13608,Jefferson
816,13611,Jefferson
817,13612,Jefferson
818,13615,Jefferson
819,13616,Jefferson
820,13618,Jefferson
821,13619,Jefferson
822,13622,Jefferson
823,13624,Jefferson
824,13626,Jefferson
825,13628,Jefferson
826,13631,Jefferson
827,13632,Jefferson
828,13634,Jefferson
829,13636,Jefferson
830,13637,Jefferson
831,13638,Jefferson
832,13640,Jefferson
833,13641,Jefferson
834,13643,Jefferson
835,13646,Jefferson
836,13650,Jefferson
837,13651,Jefferson
838,13656,Jefferson
839,13659,Jefferson
840,13661,Jefferson
841,13665,Jefferson
842,13671,Jefferson
843,13673,Jefferson
844,13674,Jefferson
845,13675,Jefferson
846,13679,Jefferson
847,13682,Jefferson
848,13685,Jefferson
849,13691,Jefferson
850,13692,Jefferson
851,13693,Jefferson
852,11201,Kings
853,11202,Kings
854,11203,Kings
855,11204,Kings
856,11205,Kings
857,11206,Kings
858,11207,Kings
859,11208,Kings
860,11209,Kings
861,11210,Kings
862,11211,Kings
863,11212,Kings
864,11213,Kings
865,11214,Kings
866,11215,Kings
867,11216,Kings
868,11217,Kings
869,11218,Kings
870,11219,Kings
871,11220,Kings
872,11221,Kings
873,11222,Kings
874,11223,Kings
875,11224,Kings
876,11225,Kings
877,11226,Kings
878,11228,Kings
879,11229,Kings
880,11230,Kings
881,11231,Kings
882,11232,Kings
883,11233,Kings
884,11234,Kings
885,11235,Kings
886,11236,Kings
887,11237,Kings
888,11238,Kings
889,11239,Kings
890,11241,Kings
891,11242,Kings
892,11243,Kings
893,11245,Kings
894,11247,Kings
895,11249,Kings
896,11251,Kings
897,11252,Kings
898,11256,Kings
899,11693,Kings
900,13305,Lewis
901,13309,Lewis
902,13312,Lewis
903,13316,Lewis
904,13325,Lewis
905,13327,Lewis
906,13343,Lewis
907,13345,Lewis
909,13368,Lewis
910,13404,Lewis
911,13433,Lewis
912,13437,Lewis
913,13471,Lewis
914,13473,Lewis
915,13489,Lewis
917,13620,Lewis
919,13627,Lewis
920,13648,Lewis
923,14414,Livingston
924,14423,Livingston
925,14435,Livingston
927,14454,Livingston
928,14462,Livingston
929,14466,Livingston
930,14472,Livingston
931,14480,Livingston
932,14481,Livingston
934,14485,Livingston
935,14486,Livingston
936,14487,Livingston
937,14488,Livingston
938,14510,Livingston
939,14517,Livingston
941,14530,Livingston
942,14533,Livingston
944,14539,Livingston
945,14545,Livingston
946,14556,Livingston
947,14558,Livingston
948,14560,Livingston
949,14572,Livingston
950,14592,Livingston
954,13030,Madison
955,13032,Madison
956,13035,Madison
957,13037,Madison
958,13043,Madison
960,13061,Madison
962,13082,Madison
963,13104,Madison
964,13122,Madison
965,13134,Madison
966,13163,Madison
967,13310,Madison
968,13314,Madison
970,13334,Madison
971,13346,Madison
972,13355,Madison
973,13364,Madison
974,13402,Madison
975,13408,Madison
976,13409,Madison
977,13418,Madison
978,13421,Madison
979,13425,Madison
981,13465,Madison
982,13477,Madison
983,13480,Madison
984,13484,Madison
987,14410,Monroe
990,14420,Monroe
992,14430,Monroe
993,14445,Monroe
994,14450,Monroe
995,14464,Monroe
996,14467,Monroe
997,14468,Monroe
999,14476,Monroe
1001,14502,Monroe
1002,14506,Monroe
1003,14508,Monroe
1004,14511,Monroe
1005,14514,Monroe
1006,14515,Monroe
1007,14526,Monroe
1008,14534,Monroe
1009,14543,Monroe
1010,14546,Monroe
1011,14559,Monroe
1012,14564,Monroe
1013,14580,Monroe
1014,14586,Monroe
1015,14602,Monroe
1016,14603,Monroe
1017,14604,Monroe
1018,14605,Monroe
1019,14606,Monroe
1020,14607,Monroe
1021,14608,Monroe
1022,14609,Monroe
1023,14610,Monroe
1024,14611,Monroe
1025,14612,Monroe
1026,14613,Monroe
1027,14614,Monroe
1028,14615,Monroe
1029,14616,Monroe
1030,14617,Monroe
1031,14618,Monroe
1032,14619,Monroe
1033,14620,Monroe
1034,14621,Monroe
1035,14622,Monroe
1036,14623,Monroe
1037,14624,Monroe
1038,14625,Monroe
1039,14626,Monroe
1040,14627,Monroe
1041,14638,Monroe
1042,14639,Monroe
1043,14642,Monroe
1044,14643,Monroe
1045,14644,Monroe
1046,14645,Monroe
1047,14646,Monroe
1048,14647,Monroe
1049,14649,Monroe
1050,14650,Monroe
1051,14651,Monroe
1052,14652,Monroe
1053,14653,Monroe
1054,14664,Monroe
1055,14673,Monroe
1056,14683,Monroe
1057,14692,Monroe
1058,14694,Monroe
1060,12016,Montgomery
1061,12066,Montgomery
1063,12069,Montgomery
1065,12072,Montgomery
1068,12137,Montgomery
1069,12160,Montgomery
1070,12166,Montgomery
1071,12177,Montgomery
1072,13317,Montgomery
1073,13320,Montgomery
1075,13410,Montgomery
1076,13428,Montgomery
1078,13459,Montgomery
1079,11001,Nassau
1080,11002,Nassau
1081,11003,Nassau
1082,11010,Nassau
1083,11020,Nassau
1084,11021,Nassau
1085,11022,Nassau
1086,11023,Nassau
1087,11024,Nassau
1088,11030,Nassau
1089,11040,Nassau
1090,11041,Nassau
1091,11042,Nassau
1092,11050,Nassau
1093,11051,Nassau
1094,11052,Nassau
1095,11053,Nassau
1096,11054,Nassau
1097,11055,Nassau
1098,11096,Nassau
1099,11501,Nassau
1100,11507,Nassau
1101,11509,Nassau
1102,11510,Nassau
1103,11514,Nassau
1104,11516,Nassau
1105,11518,Nassau
1106,11520,Nassau
1107,11530,Nassau
1108,11531,Nassau
1109,11535,Nassau
1110,11536,Nassau
1111,11542,Nassau
1112,11545,Nassau
1113,11547,Nassau
1114,11548,Nassau
1115,11549,Nassau
1116,11550,Nassau
1117,11551,Nassau
1118,11552,Nassau
1119,11553,Nassau
1120,11554,Nassau
1121,11555,Nassau
1122,11556,Nassau
1123,11557,Nassau
1124,11558,Nassau
1125,11559,Nassau
1126,11560,Nassau
1127,11561,Nassau
1128,11563,Nassau
1129,11565,Nassau
1130,11566,Nassau
1131,11568,Nassau
1132,11569,Nassau
1133,11570,Nassau
1134,11571,Nassau
1135,11572,Nassau
1136,11575,Nassau
1137,11576,Nassau
1138,11577,Nassau
1139,11579,Nassau
1140,11580,Nassau
1141,11581,Nassau
1142,11582,Nassau
1143,11590,Nassau
1144,11592,Nassau
1145,11594,Nassau
1146,11595,Nassau
1147,11596,Nassau
1148,11597,Nassau
1149,11598,Nassau
1150,11599,Nassau
1151,11701,Nassau
1152,11702,Nassau
1153,11709,Nassau
1154,11710,Nassau
1155,11714,Nassau
1156,11724,Nassau
1157,11732,Nassau
1158,11735,Nassau
1159,11736,Nassau
1160,11743,Nassau
1161,11753,Nassau
1162,11756,Nassau
1163,11758,Nassau
1164,11762,Nassau
1165,11765,Nassau
1166,11771,Nassau
1167,11773,Nassau
1168,11774,Nassau
1169,11783,Nassau
1170,11791,Nassau
1171,11793,Nassau
1172,11797,Nassau
1173,11801,Nassau
1174,11802,Nassau
1175,11803,Nassau
1176,11804,Nassau
1177,11815,Nassau
1178,11854,Nassau
1179,11855,Nassau
1180,10001,New York
1181,10002,New York
1182,10003,New York
1183,10004,New York
1184,10005,New York
1185,10006,New York
1186,10007,New York
1187,10008,New York
1188,10009,New York
1189,10010,New York
1190,10011,New York
1191,10012,New York
1192,10013,New York
1193,10014,New York
1194,10016,New York
1195,10017,New York
1196,10018,New York
1197,10019,New York
1198,10020,New York
1199,10021,New York
1200,10022,New York
1201,10023,New York
1202,10024,New York
1203,10025,New York
1204,10026,New York
1205,10027,New York
1206,10028,New York
1207,10029,New York
1208,10030,New York
1209,10031,New York
1210,10032,New York
1211,10033,New York
1212,10034,New York
1213,10035,New York
1214,10036,New York
1215,10037,New York
1216,10038,New York
1217,10039,New York
1218,10040,New York
1219,10041,New York
1220,10043,New York
1221,10044,New York
1222,10045,New York
1223,10047,New York
1224,10048,New York
1225,10055,New York
1226,10065,New York
1227,10069,New York
1228,10072,New York
1229,10075,New York
1230,10080,New York
1231,10081,New York
1232,10082,New York
1233,10087,New York
1234,10101,New York
1235,10102,New York
1236,10103,New York
1237,10104,New York
1238,10105,New York
1239,10106,New York
1240,10107,New York
1241,10108,New York
1242,10109,New York
1243,10110,New York
1244,10111,New York
1245,10112,New York
1246,10113,New York
1247,10114,New York
1248,10115,New York
1249,10116,New York
1250,10117,New York
1251,10118,New York
1252,10119,New York
1253,10120,New York
1254,10121,New York
1255,10122,New York
1256,10123,New York
1257,10124,New York
1258,10125,New York
1259,10126,New York
1260,10128,New York
1261,10129,New York
1262,10130,New York
1263,10131,New York
1264,10132,New York
1265,10133,New York
1266,10138,New York
1267,10149,New York
1268,10150,New York
1269,10151,New York
1270,10152,New York
1271,10153,New York
1272,10154,New York
1273,10155,New York
1274,10156,New York
1275,10157,New York
1276,10158,New York
1277,10159,New York
1278,10160,New York
1279,10161,New York
1280,10162,New York
1281,10163,New York
1282,10164,New York
1283,10165,New York
1284,10166,New York
1285,10167,New York
1286,10168,New York
1287,10169,New York
1288,10170,New York
1289,10171,New York
1290,10172,New York
1291,10173,New York
1292,10174,New York
1293,10175,New York
1294,10176,New York
1295,10177,New York
1296,10178,New York
1297,10179,New York
1298,10185,New York
1299,10197,New York
1300,10199,New York
1301,10213,New York
1302,10242,New York
1303,10249,New York
1304,10256,New York
1305,10259,New York
1306,10260,New York
1307,10261,New York
1308,10265,New York
1309,10268,New York
1310,10269,New York
1311,10270,New York
1312,10271,New York
1313,10272,New York
1314,10273,New York
1315,10274,New York
1316,10275,New York
1317,10276,New York
1318,10277,New York
1319,10278,New York
1320,10279,New York
1321,10280,New York
1322,10281,New York
1323,10282,New York
1324,10285,New York
1325,10286,New York
1326,10292,New York
1330,14008,Niagara
1331,14012,Niagara
1332,14028,Niagara
1334,14067,Niagara
1335,14092,Niagara
1336,14094,Niagara
1337,14095,Niagara
1339,14107,Niagara
1340,14108,Niagara
1341,14109,Niagara
1342,14120,Niagara
1343,14126,Niagara
1344,14131,Niagara
1345,14132,Niagara
1346,14144,Niagara
1347,14172,Niagara
1348,14174,Niagara
1349,14301,Niagara
1350,14302,Niagara
1351,14303,Niagara
1352,14304,Niagara
1353,14305,Niagara
1355,13042,Oneida
1356,13054,Oneida
1357,13123,Oneida
1358,13157,Oneida
1359,13162,Oneida
1360,13301,Oneida
1361,13303,Oneida
1363,13308,Oneida
1365,13313,Oneida
1367,13318,Oneida
1368,13319,Oneida
1369,13321,Oneida
1371,13323,Oneida
1372,13328,Oneida
1375,13341,Oneida
1376,13352,Oneida
1377,13354,Oneida
1378,13362,Oneida
1379,13363,Oneida
1380,13401,Oneida
1382,13403,Oneida
1385,13417,Oneida
1387,13424,Oneida
1390,13435,Oneida
1392,13440,Oneida
1393,13441,Oneida
1394,13442,Oneida
1395,13455,Oneida
1397,13461,Oneida
1398,13469,Oneida
1400,13476,Oneida
1402,13478,Oneida
1403,13479,Oneida
1405,13483,Oneida
1406,13486,Oneida
1407,13490,Oneida
1408,13492,Oneida
1409,13494,Oneida
1410,13495,Oneida
1413,13503,Oneida
1414,13504,Oneida
1415,13505,Oneida
1416,13599,Oneida
1417,13020,Onondaga
1419,13029,Onondaga
1421,13031,Onondaga
1423,13036,Onondaga
1425,13039,Onondaga
1426,13041,Onondaga
1427,13051,Onondaga
1428,13057,Onondaga
1429,13060,Onondaga
1430,13063,Onondaga
1431,13066,Onondaga
1432,13069,Onondaga
1434,13078,Onondaga
1437,13084,Onondaga
1438,13088,Onondaga
1439,13089,Onondaga
1440,13090,Onondaga
1442,13108,Onondaga
1443,13110,Onondaga
1444,13112,Onondaga
1445,13116,Onondaga
1446,13119,Onondaga
1447,13120,Onondaga
1449,13135,Onondaga
1450,13137,Onondaga
1451,13138,Onondaga
1454,13153,Onondaga
1457,13164,Onondaga
1459,13201,Onondaga
1460,13202,Onondaga
1461,13203,Onondaga
1462,13204,Onondaga
1463,13205,Onondaga
1464,13206,Onondaga
1465,13207,Onondaga
1466,13208,Onondaga
1467,13209,Onondaga
1468,13210,Onondaga
1469,13211,Onondaga
1470,13212,Onondaga
1471,13214,Onondaga
1472,13215,Onondaga
1473,13217,Onondaga
1474,13218,Onondaga
1475,13219,Onondaga
1476,13220,Onondaga
1477,13221,Onondaga
1478,13224,Onondaga
1479,13225,Onondaga
1480,13235,Onondaga
1481,13244,Onondaga
1482,13250,Onondaga
1483,13251,Onondaga
1484,13252,Onondaga
1485,13261,Onondaga
1486,13290,Onondaga
1487,14424,Ontario
1488,14425,Ontario
1489,14432,Ontario
1490,14443,Ontario
1491,14453,Ontario
1492,14456,Ontario
1493,14461,Ontario
1494,14463,Ontario
1496,14469,Ontario
1497,14471,Ontario
1499,14475,Ontario
1502,14489,Ontario
1503,14504,Ontario
1504,14512,Ontario
1505,14513,Ontario
1506,14518,Ontario
1507,14522,Ontario
1508,14532,Ontario
1510,14537,Ontario
1511,14544,Ontario
1512,14547,Ontario
1513,14548,Ontario
1515,14561,Ontario
1517,14585,Ontario
1518,10910,Orange
1519,10912,Orange
1520,10914,Orange
1521,10915,Orange
1522,10916,Orange
1523,10917,Orange
1524,10918,Orange
1525,10919,Orange
1526,10921,Orange
1527,10922,Orange
1528,10924,Orange
1529,10925,Orange
1530,10926,Orange
1531,10928,Orange
1532,10930,Orange
1533,10932,Orange
1534,10933,Orange
1535,10940,Orange
1536,10941,Orange
1537,10943,Orange
1538,10949,Orange
1539,10950,Orange
1540,10953,Orange
1541,10958,Orange
1542,10959,Orange
1543,10963,Orange
1544,10969,Orange
1545,10973,Orange
1546,10974,Orange
1547,10975,Orange
1548,10979,Orange
1549,10981,Orange
1550,10985,Orange
1551,10987,Orange
1552,10988,Orange
1553,10990,Orange
1554,10992,Orange
1555,10996,Orange
1556,10997,Orange
1557,10998,Orange
1558,12518,Orange
1559,12520,Orange
1560,12542,Orange
1561,12543,Orange
1562,12549,Orange
1563,12550,Orange
1564,12551,Orange
1565,12552,Orange
1566,12553,Orange
1567,12555,Orange
1568,12566,Orange
1569,12575,Orange
1570,12577,Orange
1571,12584,Orange
1572,12586,Orange
1573,12589,Orange
1574,12721,Orange
1575,12729,Orange
1576,12746,Orange
1577,12771,Orange
1578,12780,Orange
1579,12785,Orange
1581,14098,Orleans
1585,14411,Orleans
1589,14429,Orleans
1590,14452,Orleans
1591,14470,Orleans
1593,14477,Orleans
1594,14479,Orleans
1595,14571,Orleans
1596,13028,Oswego
1599,13044,Oswego
1602,13076,Oswego
1604,13093,Oswego
1605,13103,Oswego
1606,13107,Oswego
1608,13114,Oswego
1609,13115,Oswego
1610,13121,Oswego
1612,13131,Oswego
1613,13132,Oswego
1615,13142,Oswego
1616,13144,Oswego
1618,13167,Oswego
1619,13302,Oswego
1621,13426,Oswego
1624,13493,Oswego
1626,12036,Otsego
1627,12043,Otsego
1628,12064,Otsego
1629,12116,Otsego
1630,12149,Otsego
1632,12197,Otsego
1633,13315,Otsego
1636,13326,Otsego
1637,13333,Otsego
1638,13335,Otsego
1639,13337,Otsego
1640,13342,Otsego
1641,13348,Otsego
1644,13415,Otsego
1646,13450,Otsego
1647,13457,Otsego
1648,13468,Otsego
1649,13482,Otsego
1651,13488,Otsego
1654,13747,Otsego
1656,13776,Otsego
1657,13796,Otsego
1658,13807,Otsego
1659,13808,Otsego
1661,13810,Otsego
1664,13834,Otsego
1668,13859,Otsego
1669,13861,Otsego
1670,10509,Putnam
1671,10512,Putnam
1673,10524,Putnam
1674,10537,Putnam
1675,10541,Putnam
1676,10542,Putnam
1677,10560,Putnam
1678,10579,Putnam
1682,12563,Putnam
1686,11004,Queens
1687,11005,Queens
1690,11101,Queens
1691,11102,Queens
1692,11103,Queens
1693,11104,Queens
1694,11105,Queens
1695,11106,Queens
1696,11109,Queens
1698,11351,Queens
1699,11352,Queens
1700,11354,Queens
1701,11355,Queens
1702,11356,Queens
1703,11357,Queens
1704,11358,Queens
1705,11359,Queens
1706,11360,Queens
1707,11361,Queens
1708,11362,Queens
1709,11363,Queens
1710,11364,Queens
1711,11365,Queens
1712,11366,Queens
1713,11367,Queens
1714,11368,Queens
1715,11369,Queens
1716,11370,Queens
1717,11371,Queens
1718,11372,Queens
1719,11373,Queens
1720,11374,Queens
1721,11375,Queens
1722,11377,Queens
1723,11378,Queens
1724,11379,Queens
1725,11380,Queens
1726,11381,Queens
1727,11385,Queens
1728,11386,Queens
1729,11405,Queens
1730,11411,Queens
1731,11412,Queens
1732,11413,Queens
1733,11414,Queens
1734,11415,Queens
1735,11416,Queens
1736,11417,Queens
1737,11418,Queens
1738,11419,Queens
1739,11420,Queens
1740,11421,Queens
1741,11422,Queens
1742,11423,Queens
1743,11424,Queens
1744,11425,Queens
1745,11426,Queens
1746,11427,Queens
1747,11428,Queens
1748,11429,Queens
1749,11430,Queens
1750,11431,Queens
1751,11432,Queens
1752,11433,Queens
1753,11434,Queens
1754,11435,Queens
1755,11436,Queens
1756,11439,Queens
1757,11451,Queens
1758,11499,Queens
1761,11690,Queens
1762,11691,Queens
1763,11692,Queens
1765,11694,Queens
1766,11695,Queens
1767,11697,Queens
1768,12018,Rensselaer
1769,12022,Rensselaer
1770,12028,Rensselaer
1771,12033,Rensselaer
1772,12040,Rensselaer
1773,12052,Rensselaer
1774,12057,Rensselaer
1775,12061,Rensselaer
1777,12063,Rensselaer
1778,12082,Rensselaer
1779,12089,Rensselaer
1780,12090,Rensselaer
1781,12094,Rensselaer
1782,12118,Rensselaer
1783,12121,Rensselaer
1785,12133,Rensselaer
1786,12138,Rensselaer
1787,12140,Rensselaer
1788,12144,Rensselaer
1789,12153,Rensselaer
1790,12154,Rensselaer
1793,12169,Rensselaer
1794,12180,Rensselaer
1795,12181,Rensselaer
1796,12182,Rensselaer
1798,12185,Rensselaer
1799,12196,Rensselaer
1800,12198,Rensselaer
1801,10301,Richmond
1802,10302,Richmond
1803,10303,Richmond
1804,10304,Richmond
1805,10305,Richmond
1806,10306,Richmond
1807,10307,Richmond
1808,10308,Richmond
1809,10309,Richmond
1810,10310,Richmond
1811,10311,Richmond
1812,10312,Richmond
1813,10313,Richmond
1814,10314,Richmond
1815,10901,Rockland
1816,10911,Rockland
1817,10913,Rockland
1818,10920,Rockland
1819,10923,Rockland
1820,10927,Rockland
1821,10931,Rockland
1822,10952,Rockland
1823,10954,Rockland
1824,10956,Rockland
1825,10960,Rockland
1826,10962,Rockland
1827,10964,Rockland
1828,10965,Rockland
1829,10968,Rockland
1830,10970,Rockland
1832,10976,Rockland
1833,10977,Rockland
1834,10980,Rockland
1835,10982,Rockland
1836,10983,Rockland
1837,10984,Rockland
1838,10986,Rockland
1840,10989,Rockland
1841,10993,Rockland
1842,10994,Rockland
1844,12019,Saratoga
1845,12020,Saratoga
1847,12027,Saratoga
1848,12065,Saratoga
1849,12074,Saratoga
1853,12148,Saratoga
1854,12151,Saratoga
1855,12170,Saratoga
1856,12188,Saratoga
1857,12302,Saratoga
1858,12803,Saratoga
1859,12822,Saratoga
1860,12828,Saratoga
1861,12831,Saratoga
1862,12833,Saratoga
1863,12835,Saratoga
1864,12850,Saratoga
1865,12859,Saratoga
1866,12863,Saratoga
1867,12866,Saratoga
1868,12871,Saratoga
1869,12884,Saratoga
1870,12008,Schenectady
1875,12056,Schenectady
1878,12141,Schenectady
1879,12150,Schenectady
1881,12301,Schenectady
1885,12305,Schenectady
1887,12307,Schenectady
1888,12308,Schenectady
1890,12325,Schenectady
1891,12345,Schenectady
1893,12031,Schoharie
1894,12035,Schoharie
1900,12071,Schoharie
1901,12073,Schoharie
1902,12076,Schoharie
1903,12092,Schoharie
1906,12131,Schoharie
1912,12175,Schoharie
1913,12187,Schoharie
1914,12194,Schoharie
1920,14815,Schuyler
1921,14818,Schuyler
1923,14837,Schuyler
1925,14840,Schuyler
1926,14841,Schuyler
1928,14863,Schuyler
1930,14865,Schuyler
1931,14869,Schuyler
1932,14870,Schuyler
1933,14876,Schuyler
1934,14878,Schuyler
1935,14886,Schuyler
1936,14887,Schuyler
1938,14891,Schuyler
1939,14893,Schuyler
1940,13065,Seneca
1941,13146,Seneca
1942,13148,Seneca
1943,13165,Seneca
1944,14433,Seneca
1947,14521,Seneca
1949,14541,Seneca
1950,14588,Seneca
1952,14847,Seneca
1953,14860,Seneca
1955,14418,Steuben
1958,14529,Steuben
1960,14801,Steuben
1964,14808,Steuben
1965,14809,Steuben
1966,14810,Steuben
1970,14819,Steuben
1971,14820,Steuben
1972,14821,Steuben
1973,14823,Steuben
1974,14826,Steuben
1975,14827,Steuben
1977,14831,Steuben
1979,14839,Steuben
1982,14855,Steuben
1983,14856,Steuben
1984,14858,Steuben
1987,14873,Steuben
1988,14874,Steuben
1989,14877,Steuben
1990,14879,Steuben
1991,14885,Steuben
1993,14898,Steuben
1995,12922,St. Lawrence
1996,12927,St. Lawrence
1998,12949,St. Lawrence
2000,12965,St. Lawrence
2002,12973,St. Lawrence
2006,13613,St. Lawrence
2007,13614,St. Lawrence
2008,13617,St. Lawrence
2009,13621,St. Lawrence
2010,13623,St. Lawrence
2011,13625,St. Lawrence
2012,13630,St. Lawrence
2013,13633,St. Lawrence
2014,13635,St. Lawrence
2015,13639,St. Lawrence
2016,13642,St. Lawrence
2017,13645,St. Lawrence
2019,13647,St. Lawrence
2021,13649,St. Lawrence
2022,13652,St. Lawrence
2023,13654,St. Lawrence
2024,13658,St. Lawrence
2025,13660,St. Lawrence
2026,13662,St. Lawrence
2027,13664,St. Lawrence
2028,13666,St. Lawrence
2029,13667,St. Lawrence
2030,13668,St. Lawrence
2031,13669,St. Lawrence
2032,13670,St. Lawrence
2033,13672,St. Lawrence
2034,13676,St. Lawrence
2035,13677,St. Lawrence
2036,13678,St. Lawrence
2038,13680,St. Lawrence
2039,13681,St. Lawrence
2040,13684,St. Lawrence
2041,13687,St. Lawrence
2042,13690,St. Lawrence
2043,13694,St. Lawrence
2044,13695,St. Lawrence
2045,13696,St. Lawrence
2046,13697,St. Lawrence
2047,13699,St. Lawrence
2048,501,Suffolk
2049,544,Suffolk
2050,6390,Suffolk
2053,11703,Suffolk
2054,11704,Suffolk
2055,11705,Suffolk
2056,11706,Suffolk
2057,11707,Suffolk
2058,11708,Suffolk
2059,11713,Suffolk
2060,11715,Suffolk
2061,11716,Suffolk
2062,11717,Suffolk
2063,11718,Suffolk
2064,11719,Suffolk
2065,11720,Suffolk
2066,11721,Suffolk
2067,11722,Suffolk
2069,11725,Suffolk
2070,11726,Suffolk
2071,11727,Suffolk
2072,11729,Suffolk
2073,11730,Suffolk
2074,11731,Suffolk
2075,11733,Suffolk
2077,11737,Suffolk
2078,11738,Suffolk
2079,11739,Suffolk
2080,11740,Suffolk
2081,11741,Suffolk
2082,11742,Suffolk
2084,11746,Suffolk
2085,11747,Suffolk
2086,11749,Suffolk
2087,11750,Suffolk
2088,11751,Suffolk
2089,11752,Suffolk
2090,11754,Suffolk
2091,11755,Suffolk
2092,11757,Suffolk
2094,11760,Suffolk
2095,11763,Suffolk
2096,11764,Suffolk
2097,11766,Suffolk
2098,11767,Suffolk
2099,11768,Suffolk
2100,11769,Suffolk
2101,11770,Suffolk
2102,11772,Suffolk
2103,11775,Suffolk
2104,11776,Suffolk
2105,11777,Suffolk
2106,11778,Suffolk
2107,11779,Suffolk
2108,11780,Suffolk
2109,11782,Suffolk
2110,11784,Suffolk
2111,11786,Suffolk
2112,11787,Suffolk
2113,11788,Suffolk
2114,11789,Suffolk
2115,11790,Suffolk
2116,11792,Suffolk
2117,11794,Suffolk
2118,11795,Suffolk
2119,11796,Suffolk
2120,11798,Suffolk
2121,11901,Suffolk
2122,11930,Suffolk
2123,11931,Suffolk
2124,11932,Suffolk
2125,11933,Suffolk
2126,11934,Suffolk
2127,11935,Suffolk
2128,11937,Suffolk
2129,11939,Suffolk
2130,11940,Suffolk
2131,11941,Suffolk
2132,11942,Suffolk
2133,11944,Suffolk
2134,11946,Suffolk
2135,11947,Suffolk
2136,11948,Suffolk
2137,11949,Suffolk
2138,11950,Suffolk
2139,11951,Suffolk
2140,11952,Suffolk
2141,11953,Suffolk
2142,11954,Suffolk
2143,11955,Suffolk
2144,11956,Suffolk
2145,11957,Suffolk
2146,11958,Suffolk
2147,11959,Suffolk
2148,11960,Suffolk
2149,11961,Suffolk
2150,11962,Suffolk
2151,11963,Suffolk
2152,11964,Suffolk
2153,11965,Suffolk
2154,11967,Suffolk
2155,11968,Suffolk
2156,11969,Suffolk
2157,11970,Suffolk
2158,11971,Suffolk
2159,11972,Suffolk
2160,11973,Suffolk
2161,11975,Suffolk
2162,11976,Suffolk
2163,11977,Suffolk
2164,11978,Suffolk
2165,11980,Suffolk
2167,12428,Sullivan
2168,12458,Sullivan
2170,12701,Sullivan
2171,12719,Sullivan
2172,12720,Sullivan
2174,12722,Sullivan
2175,12723,Sullivan
2176,12724,Sullivan
2177,12725,Sullivan
2178,12726,Sullivan
2179,12727,Sullivan
2181,12732,Sullivan
2182,12733,Sullivan
2183,12734,Sullivan
2184,12736,Sullivan
2185,12737,Sullivan
2186,12738,Sullivan
2187,12740,Sullivan
2188,12741,Sullivan
2189,12742,Sullivan
2190,12743,Sullivan
2191,12745,Sullivan
2192,12747,Sullivan
2193,12748,Sullivan
2194,12749,Sullivan
2195,12750,Sullivan
2196,12751,Sullivan
2197,12752,Sullivan
2198,12754,Sullivan
2200,12759,Sullivan
2202,12762,Sullivan
2203,12763,Sullivan
2204,12764,Sullivan
2205,12765,Sullivan
2206,12766,Sullivan
2207,12767,Sullivan
2208,12768,Sullivan
2209,12769,Sullivan
2210,12770,Sullivan
2211,12775,Sullivan
2213,12777,Sullivan
2214,12778,Sullivan
2215,12779,Sullivan
2217,12781,Sullivan
2218,12783,Sullivan
2219,12784,Sullivan
2220,12786,Sullivan
2221,12787,Sullivan
2222,12788,Sullivan
2223,12789,Sullivan
2224,12790,Sullivan
2225,12791,Sullivan
2226,12792,Sullivan
2227,13732,Tioga
2228,13734,Tioga
2230,13743,Tioga
2233,13812,Tioga
2234,13827,Tioga
2236,13840,Tioga
2237,13845,Tioga
2238,13864,Tioga
2239,14817,Tioga
2241,14883,Tioga
2246,13062,Tompkins
2247,13068,Tompkins
2250,13102,Tompkins
2254,14850,Tompkins
2255,14851,Tompkins
2256,14852,Tompkins
2257,14853,Tompkins
2258,14854,Tompkins
2259,14867,Tompkins
2260,14881,Tompkins
2264,12401,Ulster
2265,12402,Ulster
2266,12404,Ulster
2268,12409,Ulster
2269,12410,Ulster
2270,12411,Ulster
2271,12412,Ulster
2273,12416,Ulster
2274,12417,Ulster
2275,12419,Ulster
2276,12420,Ulster
2278,12429,Ulster
2279,12432,Ulster
2280,12433,Ulster
2281,12435,Ulster
2282,12440,Ulster
2283,12441,Ulster
2284,12443,Ulster
2285,12446,Ulster
2286,12448,Ulster
2287,12449,Ulster
2288,12453,Ulster
2289,12456,Ulster
2290,12457,Ulster
2292,12461,Ulster
2294,12464,Ulster
2296,12466,Ulster
2297,12471,Ulster
2298,12472,Ulster
2299,12475,Ulster
2302,12481,Ulster
2303,12483,Ulster
2304,12484,Ulster
2305,12486,Ulster
2306,12487,Ulster
2307,12489,Ulster
2308,12490,Ulster
2309,12491,Ulster
2310,12493,Ulster
2311,12494,Ulster
2313,12498,Ulster
2314,12515,Ulster
2315,12525,Ulster
2316,12528,Ulster
2318,12547,Ulster
2319,12548,Ulster
2320,12561,Ulster
2322,12568,Ulster
2324,12588,Ulster
2330,12801,Warren
2331,12804,Warren
2332,12808,Warren
2333,12810,Warren
2334,12811,Warren
2335,12814,Warren
2336,12815,Warren
2337,12817,Warren
2338,12820,Warren
2339,12824,Warren
2342,12839,Warren
2343,12843,Warren
2344,12844,Warren
2345,12845,Warren
2346,12846,Warren
2348,12856,Warren
2350,12860,Warren
2351,12862,Warren
2353,12874,Warren
2354,12878,Warren
2355,12885,Warren
2356,12886,Warren
2362,12809,Washington
2363,12816,Washington
2364,12819,Washington
2365,12821,Washington
2366,12823,Washington
2367,12827,Washington
2369,12832,Washington
2370,12834,Washington
2371,12837,Washington
2372,12838,Washington
2374,12841,Washington
2376,12848,Washington
2377,12849,Washington
2378,12854,Washington
2379,12861,Washington
2380,12865,Washington
2381,12873,Washington
2383,12887,Washington
2387,13154,Wayne
2389,14413,Wayne
2392,14449,Wayne
2396,14505,Wayne
2398,14516,Wayne
2399,14519,Wayne
2400,14520,Wayne
2402,14538,Wayne
2403,14542,Wayne
2404,14551,Wayne
2405,14555,Wayne
2406,14563,Wayne
2408,14568,Wayne
2410,14589,Wayne
2411,14590,Wayne
2413,10501,Westchester
2414,10502,Westchester
2415,10503,Westchester
2416,10504,Westchester
2417,10505,Westchester
2418,10506,Westchester
2419,10507,Westchester
2421,10510,Westchester
2422,10511,Westchester
2423,10514,Westchester
2424,10517,Westchester
2425,10518,Westchester
2426,10519,Westchester
2427,10520,Westchester
2428,10521,Westchester
2429,10522,Westchester
2430,10523,Westchester
2432,10526,Westchester
2433,10527,Westchester
2434,10528,Westchester
2435,10530,Westchester
2436,10532,Westchester
2437,10533,Westchester
2438,10535,Westchester
2439,10536,Westchester
2441,10538,Westchester
2442,10540,Westchester
2444,10543,Westchester
2445,10545,Westchester
2446,10546,Westchester
2447,10547,Westchester
2448,10548,Westchester
2449,10549,Westchester
2451,10551,Westchester
2452,10552,Westchester
2453,10553,Westchester
2454,10557,Westchester
2455,10558,Westchester
2457,10562,Westchester
2458,10566,Westchester
2459,10567,Westchester
2460,10570,Westchester
2461,10571,Westchester
2462,10572,Westchester
2463,10573,Westchester
2464,10576,Westchester
2465,10577,Westchester
2466,10578,Westchester
2468,10580,Westchester
2469,10583,Westchester
2470,10587,Westchester
2471,10588,Westchester
2472,10589,Westchester
2473,10590,Westchester
2474,10591,Westchester
2475,10594,Westchester
2476,10595,Westchester
2477,10596,Westchester
2478,10597,Westchester
2479,10598,Westchester
2480,10601,Westchester
2481,10602,Westchester
2482,10603,Westchester
2483,10604,Westchester
2484,10605,Westchester
2485,10606,Westchester
2486,10607,Westchester
2487,10610,Westchester
2488,10701,Westchester
2489,10702,Westchester
2490,10703,Westchester
2493,10706,Westchester
2494,10707,Westchester
2495,10708,Westchester
2496,10709,Westchester
2497,10710,Westchester
2498,10801,Westchester
2499,10802,Westchester
2501,10804,Westchester
2502,10805,Westchester
2509,14039,Wyoming
2512,14066,Wyoming
2513,14082,Wyoming
2514,14083,Wyoming
2515,14113,Wyoming
2516,14130,Wyoming
2518,14167,Wyoming
2519,14427,Wyoming
2524,14549,Wyoming
2525,14550,Wyoming
2526,14569,Wyoming
2529,14415,Yates
2531,14441,Yates
2533,14478,Yates
2534,14507,Yates
2536,14527,Yates
2540,14842,Yates
2541,14857,Yates
6129,11111,Franklin
126,,Erie
181,14074.0,Erie
484,115510.0,Nassau
0,10990,ORANGE
1,10016,NEW YORK
2,10924,ORANGE
3,11385,QUEENS
4,10701,WESTCHESTER
5,12032,FULTON
6,13685,JEFFERSON
7,13830,CHENANGO
8,11419,QUEENS
9,10025,NEW YORK
10,12534,COLUMBIA
11,11205,KINGS
12,11731,SUFFOLK
13,10003,NEW YORK
14,11355,QUEENS
15,95444,ALBANY
16,12053,SCHENECTADY
17,11220,KINGS
18,13402,MADISON
19,11530,NASSAU
20,14878,SCHUYLER
21,12508,DUTCHESS
22,12211,ALBANY
23,12583,DUTCHESS
24,10452,BRONX
25,14615,MONROE
26,14228,ERIE
27,11214,KINGS
28,13501,ONEIDA
29,12204,ALBANY
30,13088,ONONDAGA
31,12748,SULLIVAN
32,10020,NEW YORK
33,11361,QUEENS
34,11548,NASSAU
35,10038,NEW YORK
36,11224,KINGS
37,10927,ROCKLAND
39,11793,NASSAU
40,94558,ALBANY
41,10514,WESTCHESTER
42,11104,QUEENS
43,11354,QUEENS
44,14489,WAYNE
45,11105,QUEENS
47,14456,ONTARIO
48,10530,WESTCHESTER
49,94574,ALBANY
50,13621,ST LAWRENCE
51,11201,KINGS
53,14020,GENESEE
54,10034,NEW YORK
55,14172,NIAGARA
56,11418,QUEENS
57,11763,SUFFOLK
58,11102,QUEENS
60,11103,QUEENS
61,11368,QUEENS
63,12090,RENSSELAER
64,10010,NEW YORK
65,14043,ERIE
66,10710,WESTCHESTER
67,10036,NEW YORK
68,10601,WESTCHESTER
69,12401,ULSTER
70,10940,ORANGE
71,13450,OTSEGO
72,12790,SULLIVAN
73,12493,ULSTER
74,11229,KINGS
75,11377,QUEENS
76,13148,SENECA
77,11735,SUFFOLK
78,10312,RICHMOND
79,11777,SUFFOLK
81,12979,CLINTON
82,113602442,QUEENS
83,14738,CHAUTAUQUA
85,11501,NASSAU
86,11542,NASSAU
87,13338,ONEIDA
88,11372,QUEENS
89,11422,QUEENS
90,13783,DELAWARE
91,14618,MONROE
92,10014,NEW YORK
93,10017,NEW YORK
94,10065,NEW YORK
95,10007,NEW YORK
96,11237,KINGS
97,10001,NEW YORK
98,14701,CHAUTAUQUA
99,12946,ESSEX
100,14303,NIAGARA
101,13502,ONEIDA
103,11358,QUEENS
104,11226,KINGS
105,14127,ERIE
107,29926,ALBANY
109,13491,OTSEGO
110,10469,BRONX
111,11207,KINGS
112,11520,NASSAU
113,14569,WYOMING
114,14202,ERIE
116,11430,QUEENS
118,14145,WYOMING
119,14760,CATTARAUGUS
120,13202,ONONDAGA
122,11706,SUFFOLK
124,10962,ROCKLAND
125,13204,ONONDAGA
126,13069,OSWEGO
128,11590,NASSAU
129,94515,ALBANY
131,11232,KINGS
135,973049704,ALBANY
136,14220,ERIE
137,971155003,ALBANY
138,97132,ALBANY
140,95449,ALBANY
141,10901,ROCKLAND
143,11959,SUFFOLK
144,97405,ALBANY
148,11572,NASSAU
149,11901,SUFFOLK
150,11729,SUFFOLK
151,10310,RICHMOND
153,14624,MONROE
155,10121,NEW YORK
156,13760,BROOME
157,14845,CHEMUNG
159,14787,CHAUTAUQUA
161,13790,BROOME
162,13697,ST LAWRENCE
163,11550,NASSAU
164,10033,NEW YORK
165,11725,SUFFOLK
166,11757,SUFFOLK
167,14541,SENECA
168,12866,SARATOGA
169,11931,SUFFOLK
170,14837,YATES
171,12072,MONTGOMERY
173,14850,TOMPKINS
175,10465,BRONX
176,11507,NASSAU
180,93446,ALBANY
182,12084,ALBANY
183,13480,MADISON
184,12561,ULSTER
185,11204,KINGS
186,11375,QUEENS
187,95482,ALBANY
188,11010,NASSAU
190,14517,LIVINGSTON
193,12817,WARREN
194,11366,QUEENS
196,11933,SUFFOLK
198,11235,KINGS
201,12020,SARATOGA
202,12528,ULSTER
205,11109,QUEENS
206,12786,SULLIVAN
207,14420,MONROE
208,11420,QUEENS
209,12180,RENSSELAER
210,14589,WAYNE
212,10460,BRONX
213,10708,WESTCHESTER
216,14512,ONTARIO
219,10019,NEW YORK
220,13021,CAYUGA
221,14120,NIAGARA
223,11374,QUEENS
224,13825,OTSEGO
225,10022,NEW YORK
226,14075,ERIE
227,10012,NEW YORK
228,12972,CLINTON
230,11722,SUFFOLK
232,10467,BRONX
233,13367,LEWIS
235,10504,WESTCHESTER
236,11373,QUEENS
237,10018,NEW YORK
238,13440,ONEIDA
240,11958,SUFFOLK
241,11566,NASSAU
244,95476,ALBANY
245,11231,KINGS
246,12563,PUTNAM
247,11423,QUEENS
248,12066,SCHENECTADY
249,11379,QUEENS
250,11378,QUEENS
252,10468,BRONX
253,13827,TIOGA
254,12477,ULSTER
258,12202,ALBANY
260,98584,ALBANY
263,12952,CLINTON
264,11003,NASSAU
266,13662,ST LAWRENCE
267,11432,QUEENS
269,81655,ALBANY
270,14841,SCHUYLER
271,11356,QUEENS
272,13027,ONONDAGA
276,11518,NASSAU
278,12944,ESSEX
279,14048,CHAUTAUQUA
280,11219,KINGS
281,10458,BRONX
282,13044,OSWEGO
284,10281,NEW YORK
285,11206,KINGS
287,14416,GENESEE
289,14607,MONROE
291,13601,JEFFERSON
292,12550,ORANGE
294,12533,DUTCHESS
295,13212,ONONDAGA
296,10314,RICHMOND
297,10590,WESTCHESTER
299,10032,NEW YORK
300,11427,QUEENS
303,14092,NIAGARA
304,10451,BRONX
305,13309,ONEIDA
306,13664,ST LAWRENCE
307,11215,KINGS
308,12207,ALBANY
310,11217,KINGS
311,11050,NASSAU
312,10301,RICHMOND
313,10801,WESTCHESTER
315,11360,QUEENS
317,14818,SCHUYLER
318,13838,DELAWARE
321,11367,QUEENS
323,12901,CLINTON
324,13856,DELAWARE
325,10950,ORANGE
326,14747,CHAUTAUQUA
329,13660,ST LAWRENCE
330,14605,MONROE
332,11758,NASSAU
333,100107418,NEW YORK
334,11228,KINGS
335,11581,NASSAU
336,12154,RENSSELAER
337,10002,NEW YORK
338,10706,WESTCHESTER
340,11212,KINGS
342,13642,ST LAWRENCE
344,13365,HERKIMER
345,95228,ALBANY
346,10004,NEW YORK
347,10457,BRONX
348,11791,NASSAU
351,12754,SULLIVAN
352,10021,NEW YORK
353,13348,OTSEGO
354,14150,ERIE
360,13135,OSWEGO
361,12414,GREENE
362,11779,SUFFOLK
365,11580,NASSAU
366,10463,BRONX
367,13066,ONONDAGA
368,12092,SCHOHARIE
370,10455,BRONX
372,11218,KINGS
374,10522,WESTCHESTER
375,14414,LIVINGSTON
376,11221,KINGS
377,11787,SUFFOLK
379,10454,BRONX
381,14206,ERIE
382,14224,ERIE
383,10573,WESTCHESTER
385,11234,KINGS
386,10009,NEW YORK
387,12804,WARREN
389,10075,NEW YORK
393,11238,KINGS
394,11767,SUFFOLK
398,10023,NEW YORK
399,10011,NEW YORK
400,13331,HERKIMER
401,13206,ONONDAGA
402,14221,ERIE
404,11209,KINGS
405,11772,SUFFOLK
406,14482,GENESEE
407,12846,WARREN
408,14105,NIAGARA
413,10453,BRONX
414,11963,SUFFOLK
416,11223,KINGS
418,13057,ONONDAGA
422,10475,BRONX
424,11694,QUEENS
425,11944,SUFFOLK
428,11557,NASSAU
430,11106,QUEENS
432,10509,PUTNAM
433,12853,WARREN
437,13208,ONONDAGA
439,10562,WESTCHESTER
440,13142,OSWEGO
443,12068,MONTGOMERY
446,10030,NEW YORK
447,12065,SARATOGA
449,11751,SUFFOLK
450,10462,BRONX
455,100133761,NEW YORK
457,12839,WASHINGTON
458,14733,CHAUTAUQUA
462,10470,BRONX
463,13802,BROOME
465,95240,ALBANY
467,11230,KINGS
469,14534,MONROE
470,13350,HERKIMER
473,10013,NEW YORK
475,10303,RICHMOND
477,11211,KINGS
479,12883,ESSEX
482,13812,TIOGA
483,14024,WYOMING
485,13615,JEFFERSON
487,10588,WESTCHESTER
489,14801,STEUBEN
491,11946,SUFFOLK
493,12446,ULSTER
494,12953,FRANKLIN
496,12723,SULLIVAN
498,13905,BROOME
500,11249,KINGS
502,12831,SARATOGA
504,12205,ALBANY
512,11208,KINGS
514,14843,STEUBEN
515,11701,SUFFOLK
517,12412,ULSTER
518,12580,DUTCHESS
523,11756,NASSAU
524,12465,ULSTER
529,13820,OTSEGO
530,14136,CHAUTAUQUA
531,14218,ERIE
532,13796,OTSEGO
535,11357,QUEENS
536,14213,ERIE
539,14513,WAYNE
540,12047,ALBANY
542,11570,NASSAU
544,13326,OTSEGO
552,12144,RENSSELAER
553,12037,COLUMBIA
557,11780,SUFFOLK
559,14468,MONROE
560,12498,ULSTER
566,14622,MONROE
570,11554,NASSAU
572,12189,ALBANY
573,14305,NIAGARA
574,14304,NIAGARA
575,14526,MONROE
578,11703,SUFFOLK
580,10305,RICHMOND
582,14620,MONROE
587,11563,NASSAU
588,13076,OSWEGO
595,11560,NASSAU
596,11030,NASSAU
598,13045,CORTLAND
602,11101,QUEENS
604,12442,GREENE
606,11738,SUFFOLK
608,12203,ALBANY
609,10304,RICHMOND
611,12136,COLUMBIA
612,13112,ONONDAGA
614,14425,ONTARIO
615,10704,WESTCHESTER
616,13073,TOMPKINS
619,10006,NEW YORK
620,10128,NEW YORK
621,13669,ST LAWRENCE
623,11762,NASSAU
624,13357,HERKIMER
631,12590,DUTCHESS
632,14222,ERIE
634,12306,SCHENECTADY
638,12496,GREENE
641,14225,ERIE
643,12524,DUTCHESS
647,12845,WARREN
648,14623,MONROE
649,12986,FRANKLIN
656,11693,QUEENS
662,12118,SARATOGA
666,11771,NASSAU
672,14450,MONROE
673,14086,ERIE
674,14609,MONROE
677,10591,WESTCHESTER
680,13120,ONONDAGA
681,14712,CHAUTAUQUA
684,12160,SCHOHARIE
688,11720,SUFFOLK
689,11783,NASSAU
691,13492,ONEIDA
692,13210,ONONDAGA
700,11709,NASSAU
702,12542,ULSTER
704,13317,MONTGOMERY
709,14025,ERIE
713,12816,WASHINGTON
716,93465,ALBANY
730,10918,ORANGE
731,10543,WESTCHESTER
732,14710,CHAUTAUQUA
733,12125,COLUMBIA
742,13126,OSWEGO
745,12955,CLINTON
746,10538,WESTCHESTER
747,12814,WARREN
749,11370,QUEENS
750,10024,NEW YORK
752,13032,MADISON
755,12208,ALBANY
759,11714,NASSAU
761,14094,NIAGARA
762,13903,BROOME
763,10977,ROCKLAND
764,14227,ERIE
767,10958,ORANGE
775,13901,BROOME
778,11792,SUFFOLK
782,14209,ERIE
784,11510,NASSAU
788,11553,NASSAU
789,11803,NASSAU
790,11710,SUFFOLK
791,14621,MONROE
792,10029,NEW YORK
797,11717,SUFFOLK
798,12538,DUTCHESS
799,11801,NASSAU
801,12018,RENSSELAER
802,10516,PUTNAM
808,12117,FULTON
809,11552,NASSAU
810,11730,SUFFOLK
811,10519,WESTCHESTER
814,10027,NEW YORK
815,10472,BRONX
818,14207,ERIE
819,14778,CATTARAUGUS
821,13617,ST LAWRENCE
822,12078,FULTON
823,12182,RENSSELAER
828,10577,WESTCHESTER
835,11971,SUFFOLK
836,99362,ALBANY
839,10464,BRONX
843,12192,GREENE
845,11362,QUEENS
852,14203,ERIE
856,14216,ERIE
873,10583,WESTCHESTER
882,11414,QUEENS
883,10459,BRONX
886,12110,ALBANY
894,13116,ONONDAGA
895,12601,DUTCHESS
899,13625,ST LAWRENCE
900,10605,WESTCHESTER
903,14070,ERIE
904,12543,ORANGE
905,13153,ONONDAGA
909,95448,ALBANY
912,14481,LIVINGSTON
915,13343,LEWIS
916,10031,NEW YORK
917,10709,WESTCHESTER
919,10542,PUTNAM
920,13114,OSWEGO
925,13459,SCHOHARIE
926,12043,SCHOHARIE
927,13815,CHENANGO
930,13803,CORTLAND
938,12198,RENSSELAER
939,10705,WESTCHESTER
940,88345,ALBANY
941,11741,SUFFOLK
948,12549,ORANGE
949,12570,DUTCHESS
950,11426,QUEENS
951,14772,CATTARAUGUS
954,14480,LIVINGSTON
957,11954,SUFFOLK
958,10594,WESTCHESTER
959,13167,OSWEGO
969,14889,CHEMUNG
971,12106,COLUMBIA
972,12942,ESSEX
978,13607,JEFFERSON
982,12752,SULLIVAN
987,12603,DUTCHESS
992,11577,NASSAU
993,12458,ULSTER
994,10456,BRONX
1010,12564,DUTCHESS
1011,12585,DUTCHESS
1018,10532,WESTCHESTER
1021,10307,RICHMOND
1022,11417,QUEENS
1025,10923,ROCKLAND
1026,11001,NASSAU
1028,13486,ONEIDA
1030,10461,BRONX
1032,10028,NEW YORK
1035,10026,NEW YORK
1036,11743,SUFFOLK
1037,14533,LIVINGSTON
1038,13753,DELAWARE
1039,10172,NEW YORK
1041,12571,DUTCHESS
1044,11561,NASSAU
1047,10566,WESTCHESTER
1048,12566,ORANGE
1052,13323,ONEIDA
1053,11798,SUFFOLK
1057,14201,ERIE
1059,13316,ONEIDA
1064,12472,ULSTER
1067,11755,SUFFOLK
1068,149013110,CHEMUNG
1071,12569,DUTCHESS
1077,14611,MONROE
1088,13224,ONONDAGA
1090,12077,ALBANY
1095,12822,SARATOGA
1096,13039,ONONDAGA
1098,11726,SUFFOLK
1099,13159,ONONDAGA
1103,10306,RICHMOND
1105,10550,WESTCHESTER
1112,13489,LEWIS
1121,14424,ONTARIO
1122,14865,SCHUYLER
1123,12170,SARATOGA
1127,12764,SULLIVAN
1139,11733,SUFFOLK
1145,11239,KINGS
1148,13421,MADISON
1162,10993,ROCKLAND
1163,14555,WAYNE
1166,11040,NASSAU
1167,13328,ONEIDA
1168,10474,BRONX
1176,13679,JEFFERSON
1179,10804,WESTCHESTER
1185,12302,SCHENECTADY
1188,12832,WASHINGTON
1194,10925,ORANGE
1198,14001,ERIE
1204,14072,ERIE
1205,14226,ERIE
1209,11236,KINGS
1210,12303,SCHENECTADY
1211,10963,ORANGE
1218,11413,QUEENS
1224,13029,ONONDAGA
1226,14853,TOMPKINS
1231,12783,SULLIVAN
1233,10535,WESTCHESTER
1235,14009,WYOMING
1248,14411,ORLEANS
1251,13493,OSWEGO
1252,13850,BROOME
1259,12540,DUTCHESS
1263,14590,WAYNE
1272,95403,ALBANY
1273,97031,ALBANY
1278,11222,KINGS
1281,11021,NASSAU
1282,14143,GENESEE
1287,11776,SUFFOLK
1288,10520,WESTCHESTER
1295,11233,KINGS
1296,12860,WARREN
1307,10005,NEW YORK
1309,10579,PUTNAM
1310,12470,GREENE
1320,12033,RENSSELAER
1325,13054,ONEIDA
1331,14840,STEUBEN
1332,12056,SCHENECTADY
1334,10965,ROCKLAND
1337,13472,HERKIMER
1338,11411,QUEENS
1340,10037,NEW YORK
1342,128212103,WASHINGTON
1343,10309,RICHMOND
1344,14884,ALLEGANY
1345,11421,QUEENS
1352,10536,WESTCHESTER
1361,10969,ORANGE
1362,12134,SARATOGA
1365,14606,MONROE
1367,14779,CATTARAUGUS
1368,10954,ROCKLAND
1369,11213,KINGS
1370,13624,JEFFERSON
1376,12133,RENSSELAER
1377,10580,WESTCHESTER
1385,12209,ALBANY
1386,11746,SUFFOLK
1392,14564,ONTARIO
1400,12828,WASHINGTON
1402,10502,WESTCHESTER
1409,10471,BRONX
1416,14472,MONROE
1417,13478,ONEIDA
1419,14095,NIAGARA
1422,10512,PUTNAM
1447,14126,NIAGARA
1448,14777,ALLEGANY
1449,14901,CHEMUNG
1452,14210,ERIE
1466,14437,LIVINGSTON
1476,11371,QUEENS
1477,14886,TOMPKINS
1484,11768,SUFFOLK
1485,14830,STEUBEN
1493,10549,WESTCHESTER
1498,13031,ONONDAGA
1499,14718,CHAUTAUQUA
1504,10473,BRONX
1506,10805,WESTCHESTER
1515,12553,ORANGE
1518,13209,ONONDAGA
1524,14802,ALLEGANY
1527,11704,SUFFOLK
1534,11782,SUFFOLK
1535,12428,ULSTER
1536,11778,SUFFOLK
1537,12863,SARATOGA
1558,11591,NASSAU
1561,12184,COLUMBIA
1564,11797,NASSAU
1565,13203,ONONDAGA
1567,10510,WESTCHESTER
1578,13078,ONONDAGA
1581,12009,ALBANY
1582,12485,GREENE
1586,11363,QUEENS
1590,10507,WESTCHESTER
1604,10913,ROCKLAND
1605,13332,MADISON
1611,14731,CATTARAUGUS
1631,14546,MONROE
1637,10541,PUTNAM
1638,10040,NEW YORK
1647,12305,SCHENECTADY
1650,11004,QUEENS
1663,12150,SCHENECTADY
1670,13037,MADISON
1673,12775,SULLIVAN
1681,13420,HERKIMER
1686,10302,RICHMOND
1689,33708,ALBANY
1692,12157,SCHOHARIE
1694,12196,RENSSELAER
1696,13360,HAMILTON
1702,11968,SUFFOLK
1703,12010,MONTGOMERY
1706,10119,NEW YORK
1725,14625,MONROE
1736,11023,NASSAU
1737,11514,NASSAU
1755,12439,GREENE
1759,12015,GREENE
1761,14219,ERIE
1765,12516,COLUMBIA
1769,12961,ESSEX
1774,12140,RENSSELAER
1776,12547,ULSTER
1782,12801,WARREN
1786,11365,QUEENS
1790,10039,NEW YORK
1791,11788,SUFFOLK
1792,10703,WESTCHESTER
1797,13162,ONEIDA
1804,11516,NASSAU
1810,12842,HAMILTON
1824,12835,SARATOGA
1828,14580,MONROE
1830,10528,WESTCHESTER
1835,13363,ONEIDA
1840,12487,ULSTER
1846,13618,JEFFERSON
1847,13778,CHENANGO
1848,14551,WAYNE
1849,11715,SUFFOLK
1853,11766,SUFFOLK
1858,12159,ALBANY
1865,11934,SUFFOLK
1877,13740,DELAWARE
1878,10560,WESTCHESTER
1879,100133486,NEW YORK
1892,13368,LEWIS
1899,13090,ONONDAGA
1900,11727,SUFFOLK
1902,12548,ULSTER
1904,13626,LEWIS
1907,12997,ESSEX
1909,13439,OTSEGO
1913,14847,SENECA
1918,12463,GREENE
1930,12527,DUTCHESS
1944,14810,STEUBEN
1952,13219,ONONDAGA
1960,14617,MONROE
1964,125260321,COLUMBIA
1970,11967,SUFFOLK
1981,14223,ERIE
1984,14108,NIAGARA
1995,10986,ROCKLAND
1999,14559,MONROE
2009,12083,GREENE
2010,11764,SUFFOLK
2021,11960,SUFFOLK
2027,14134,ERIE
2030,14904,CHEMUNG
2032,112053922,KINGS
2038,10606,WESTCHESTER
2043,10567,WESTCHESTER
2044,11369,QUEENS
2049,13782,DELAWARE
2051,11576,NASSAU
2056,14895,ALLEGANY
2067,14211,ERIE
2070,11942,SUFFOLK
2072,12461,ULSTER
2084,11953,SUFFOLK
2089,14057,ERIE
2096,11596,NASSAU
2099,11225,KINGS
2103,11937,SUFFOLK
2104,14502,WAYNE
2107,11930,SUFFOLK
2108,14131,NIAGARA
2111,12474,DELAWARE
2123,12411,ULSTER
2129,12572,DUTCHESS
2130,06390,SUFFOLK
2133,12307,SCHENECTADY
2137,12857,ESSEX
2140,10980,ROCKLAND
2142,10603,WESTCHESTER
2153,11364,QUEENS
2160,12545,DUTCHESS
2168,11747,SUFFOLK
2171,94503,ALBANY
2175,10546,WESTCHESTER
2178,13454,HERKIMER
2181,12733,SULLIVAN
2185,12589,ULSTER
2187,11705,SUFFOLK
2190,13619,JEFFERSON
2198,14080,ERIE
2201,11434,QUEENS
2205,14052,ERIE
2209,13904,BROOME
2215,12122,SCHOHARIE
2219,11950,SUFFOLK
2226,12210,ALBANY
2230,11692,QUEENS
2242,14464,MONROE
2243,12921,CLINTON
2249,12054,ALBANY
2256,14610,MONROE
2261,10466,BRONX
2266,145190428,WAYNE
2277,11216,KINGS
2280,10956,ROCKLAND
2284,115772620,NASSAU
2298,12517,COLUMBIA
2299,10917,ORANGE
2317,12304,SCHENECTADY
2326,12980,FRANKLIN
2332,13041,ONONDAGA
2338,14838,CHEMUNG
2344,11323,KINGS
2359,10570,WESTCHESTER
2361,11558,NASSAU
2363,12095,FULTON
2369,20120,ALBANY
2377,14141,ERIE
2378,11203,KINGS
2379,14614,MONROE
2385,11941,SUFFOLK
2393,112252601,KINGS
2395,13060,ONONDAGA
2406,92113,ALBANY
2408,14612,MONROE
2412,11752,SUFFOLK
2417,14103,ORLEANS
2426,13157,ONEIDA
2431,14418,YATES
2432,14770,CATTARAUGUS
2435,11732,NASSAU
2462,14445,MONROE
2471,10607,WESTCHESTER
2493,14813,ALLEGANY
2502,11005,QUEENS
2516,11796,SUFFOLK
2521,13455,ONEIDA
2542,14040,GENESEE
2543,12413,GREENE
2560,94028,ALBANY
2564,13033,CAYUGA
2578,11702,SUFFOLK
2585,11790,SUFFOLK
2596,13207,ONONDAGA
2599,12758,SULLIVAN
2604,14527,YATES
2609,13118,CAYUGA
2617,11436,QUEENS
2619,14604,MONROE
2624,11754,SUFFOLK
2627,12803,SARATOGA
2639,12855,ESSEX
2641,132122704,ONONDAGA
2642,117263219,SUFFOLK
2648,11435,QUEENS
2657,10523,WESTCHESTER
2660,12787,SULLIVAN
2668,10552,WESTCHESTER
2669,11769,SUFFOLK
2682,12093,SCHOHARIE
2699,11416,QUEENS
2701,12943,ESSEX
2711,13668,ST LAWRENCE
2717,13471,ONEIDA
2742,11559,NASSAU
2754,12309,SCHENECTADY
2775,11415,QUEENS
2788,14215,ERIE
2790,12983,FRANKLIN
2798,12834,WASHINGTON
2804,10992,ORANGE
2815,14867,TOMPKINS
2817,12067,ALBANY
2820,14067,NIAGARA
2843,13354,ONEIDA
2853,12865,WASHINGTON
2857,11972,SUFFOLK
2870,14891,SCHUYLER
2873,11939,SUFFOLK
2878,13776,OTSEGO
2891,13304,ONEIDA
2926,12410,ULSTER
2927,12934,CLINTON
2930,14903,CHEMUNG
2932,10987,ORANGE
2950,14217,ERIE
2955,11579,NASSAU
2960,11718,SUFFOLK
2976,10044,NEW YORK
2989,10533,WESTCHESTER
2995,13503,ONEIDA
2996,13165,SENECA
2999,12850,SARATOGA
3007,11795,SUFFOLK
3008,11804,NASSAU
3023,13215,ONONDAGA
3031,14214,ERIE
3041,14204,ERIE
3042,10960,ROCKLAND
3043,12833,SARATOGA
3047,14063,CHAUTAUQUA
3054,12919,CLINTON
3059,11978,SUFFOLK
3071,14543,MONROE
3072,13681,ST LAWRENCE
3084,93901,ALBANY
3088,13074,OSWEGO
3094,14905,CHEMUNG
3097,12871,SARATOGA
3098,11719,SUFFOLK
3099,14212,ERIE
3110,10308,RICHMOND
3113,10506,WESTCHESTER
3122,13117,CAYUGA
3129,14006,ERIE
3148,11545,NASSAU
3175,10911,ROCKLAND
3181,12206,ALBANY
3200,10994,ROCKLAND
3205,11598,NASSAU
3206,125501786,ORANGE
3209,10919,ORANGE
3211,12567,DUTCHESS
3212,95436,ALBANY
3213,14892,TIOGA
3216,11716,SUFFOLK
3220,12776,SULLIVAN
3223,140431846,ERIE
3263,12546,DUTCHESS
3270,13346,MADISON
3271,12457,ULSTER
3286,13403,ONEIDA
3287,11935,SUFFOLK
3289,10922,ORANGE
3297,14038,ERIE
3298,11740,SUFFOLK
3319,11742,SUFFOLK
3330,99216,ALBANY
3336,14737,CATTARAUGUS
3345,13416,HERKIMER
3351,12051,GREENE
3354,14522,WAYNE
3358,13122,MADISON
3363,11951,SUFFOLK
3377,14719,CATTARAUGUS
3387,13413,ONEIDA
3391,10524,PUTNAM
3409,14428,MONROE
3413,14260,ERIE
3421,12870,ESSEX
3425,11500,NASSAU
3426,12529,COLUMBIA
3430,13035,MADISON
3439,14750,CHAUTAUQUA
3445,11952,SUFFOLK
3448,14109,NIAGARA
3455,12188,SARATOGA
3472,12878,WARREN
3489,14454,LIVINGSTON
3494,10941,ORANGE
3502,12701,SULLIVAN
3512,12003,RENSSELAER
3523,14724,CHAUTAUQUA
3527,14004,ERIE
3550,14487,LIVINGSTON
3552,95020,ALBANY
3555,12981,CLINTON
3560,93427,ALBANY
3569,12431,GREENE
3583,10970,ROCKLAND
3601,128662309,SARATOGA
3612,13807,OTSEGO
3621,11784,SUFFOLK
3629,14521,SENECA
3637,14727,ALLEGANY
3657,11565,NASSAU
3672,14616,MONROE
3702,14572,STEUBEN
3711,12812,HAMILTON
3715,12440,ULSTER
3716,14613,MONROE
3723,141319756,NIAGARA
3727,14423,LIVINGSTON
3754,14870,STEUBEN
3780,10598,WESTCHESTER
3789,14467,MONROE
3792,10008,NEW YORK
3796,14626,MONROE
3805,11429,QUEENS
3814,12050,COLUMBIA
3825,12308,SCHENECTADY
3838,12920,FRANKLIN
3842,12455,DELAWARE
3844,13452,MONTGOMERY
3849,11749,SUFFOLK
3863,10928,ORANGE
3878,14098,ORLEANS
3885,10803,WESTCHESTER
3913,10596,WESTCHESTER
3914,11433,QUEENS
3927,13329,HERKIMER
3940,10968,ROCKLAND
3946,12586,ORANGE
3957,97304,ALBANY
3966,13337,OTSEGO
3978,10983,ROCKLAND
4008,12582,DUTCHESS
4025,11980,SUFFOLK
4034,13755,DELAWARE
4038,14047,ERIE
4047,13691,JEFFERSON
4062,94710,ALBANY
4088,93926,ALBANY
4091,94508,ALBANY
4097,12912,ESSEX
4122,14301,NIAGARA
4145,94550,ALBANY
4150,11096,NASSAU
4152,14477,ORLEANS
4195,10920,ROCKLAND
4197,14433,WAYNE
4216,12061,RENSSELAER
4225,14137,ERIE
4235,13339,MONTGOMERY
4238,12193,ALBANY
4248,12466,ULSTER
4252,14167,WYOMING
4256,14757,CHAUTAUQUA
4260,14608,MONROE
4266,13411,CHENANGO
4268,12501,DUTCHESS
4272,14471,ONTARIO
4301,12167,DELAWARE
4311,14485,LIVINGSTON
4317,13315,OTSEGO
4318,14068,ERIE
4331,10282,NEW YORK
4334,11964,SUFFOLK
4344,95401,ALBANY
4349,12484,ULSTER
4357,10974,ROCKLAND
4382,112203815,KINGS
4388,13340,HERKIMER
4402,11210,KINGS
4417,121802436,RENSSELAER
4419,13676,ST LAWRENCE
4443,11412,QUEENS
4482,12967,ST LAWRENCE
4486,11739,SUFFOLK
4511,12123,RENSSELAER
4520,14823,STEUBEN
4523,13030,MADISON
4525,12734,SULLIVAN
4531,13061,MADISON
4543,13141,CORTLAND
4547,14110,ERIE
4582,11713,SUFFOLK
4617,12771,ORANGE
4620,12143,ALBANY
4621,11948,SUFFOLK
4626,14586,MONROE
4636,12481,ULSTER
4640,129560286,ESSEX
4661,14432,ONTARIO
4663,12027,SARATOGA
4669,13637,JEFFERSON
4676,49682,ALBANY
4683,12052,RENSSELAER
4713,12985,CLINTON
4719,93638,ALBANY
4735,12195,COLUMBIA
4779,10035,NEW YORK
4780,11428,QUEENS
4798,12992,CLINTON
4805,13606,JEFFERSON
4810,10988,ORANGE
4821,14031,ERIE
4830,12941,ESSEX
4870,10505,WESTCHESTER
4889,12749,SULLIVAN
4905,12594,DUTCHESS
4906,13145,OSWEGO
4910,14130,WYOMING
4918,12423,GREENE
4932,12473,GREENE
4933,14871,CHEMUNG
4946,14011,WYOMING
4957,14732,CHAUTAUQUA
4982,13077,CORTLAND
4985,117802206,SUFFOLK
4990,12186,ALBANY
5018,14536,WYOMING
5088,13152,ONONDAGA
5093,13865,BROOME
5124,14532,ONTARIO
5128,13205,ONONDAGA
5135,13104,ONONDAGA
5136,12086,MONTGOMERY
5148,22902,ALBANY
5155,13757,DELAWARE
5188,13084,ONONDAGA
5196,13014,ONONDAGA
5199,14858,STEUBEN
5203,12885,WARREN
5213,95409,ALBANY
5214,14530,WYOMING
5229,12719,SULLIVAN
5241,13036,OSWEGO
5248,83714,ALBANY
5266,13801,CHENANGO
5268,14627,MONROE
5269,13612,JEFFERSON
5275,14786,ALLEGANY
5277,13436,HAMILTON
5294,10589,WESTCHESTER
5320,93460,ALBANY
5322,12584,ORANGE
5332,98072,ALBANY
5339,14753,CATTARAUGUS
5357,13902,BROOME
5360,10518,WESTCHESTER
5374,14716,CHAUTAUQUA
5399,10169,NEW YORK
5401,14051,ERIE
5412,10112,NEW YORK
5425,14174,NIAGARA
5426,13160,CAYUGA
5435,11789,SUFFOLK
5447,11575,NASSAU
5449,12721,ORANGE
5491,11949,SUFFOLK
5640,13425,ONEIDA
5641,11770,SUFFOLK
5660,12525,ULSTER
5666,13756,DELAWARE
5677,14081,CHAUTAUQUA
5687,13408,MADISON
5698,12768,SULLIVAN
5746,12074,SARATOGA
5797,11965,SUFFOLK
5801,10973,ORANGE
5813,95425,ALBANY
5815,12936,ESSEX
5869,134404803,ONEIDA
5870,10930,ORANGE
5884,14706,CATTARAUGUS
5886,11568,NASSAU
5891,13861,OTSEGO
5920,11020,NASSAU
5926,12844,WASHINGTON
5936,13214,ONONDAGA
5954,13092,CAYUGA
5957,11569,NASSAU
5972,14478,YATES
6008,95612,ALBANY
6019,11691,QUEENS
6020,125382806,DUTCHESS
6023,13164,ONONDAGA
6032,13068,TOMPKINS
6044,12520,ORANGE
6123,12847,HAMILTON
6148,97115,ALBANY
6149,14012,NIAGARA
6150,12449,ULSTER
6151,13732,TIOGA
6177,12763,SULLIVAN
6189,11932,SUFFOLK
6258,93924,ALBANY
6270,94559,ALBANY
6285,14887,SCHUYLER
6286,129012681,CLINTON
6288,13667,ST LAWRENCE
6289,12405,GREENE
6293,13407,HERKIMER
6330,14711,ALLEGANY
6332,12747,SULLIVAN
6388,12019,SARATOGA
6409,14169,ERIE
6412,13417,ONEIDA
6475,13302,OSWEGO
6505,13605,JEFFERSON
6517,129120069,CLINTON
6531,12887,WASHINGTON
6538,12522,DUTCHESS
6579,12148,SARATOGA
6591,12565,COLUMBIA
6632,12025,FULTON
6638,12827,WASHINGTON
6656,13745,BROOME
6703,12851,ESSEX
6749,12035,SCHOHARIE
6753,13166,STEUBEN
6823,12404,ULSTER
6828,12183,ALBANY
6849,14525,GENESEE
6880,14815,STEUBEN
6887,11245,KINGS
6897,12725,ULSTER
6932,13733,CHENANGO
6939,12993,ESSEX
6940,13131,OSWEGO
6955,12468,GREENE
6957,54235,ALBANY
6991,14469,ONTARIO
7023,14885,STEUBEN
7046,10548,WESTCHESTER
7050,125611602,ULSTER
7058,12085,ALBANY
7084,14013,GENESEE
7128,14822,ALLEGANY
7145,17353,ALBANY
7193,12759,SULLIVAN
7215,12430,DELAWARE
7240,100193811,NEW YORK
7246,10168,NEW YORK
7266,14171,CATTARAUGUS
7294,14470,ORLEANS
7333,14059,ERIE
7371,11976,SUFFOLK
7375,12859,SARATOGA
7402,13460,CHENANGO
7435,13290,ONONDAGA
7493,14722,CHAUTAUQUA
7533,12932,ESSEX
7538,12578,DUTCHESS
7545,10976,ROCKLAND
7582,13409,MADISON
7587,14715,ALLEGANY
7593,14851,TOMPKINS
7630,13655,FRANKLIN
7636,109542028,ROCKLAND
7652,147799767,CATTARAUGUS
7659,14755,CATTARAUGUS
7671,97456,ALBANY
7687,142251411,ERIE
7689,13475,HERKIMER
7712,119410476,SUFFOLK
7735,11042,NASSAU
7745,13319,ONEIDA
7773,95220,ALBANY
7796,13437,OSWEGO
7832,112193999,KINGS
7877,12041,ALBANY
7884,11509,NASSAU
7886,10952,ROCKLAND
7887,92028,ALBANY
7899,44057,ALBANY
7926,10152,NEW YORK
7948,13787,BROOME
7995,13113,CAYUGA
8021,10511,WESTCHESTER
8034,11970,SUFFOLK
8049,12518,ORANGE
8058,14723,CHAUTAUQUA
8072,147601699,CATTARAUGUS
8091,14034,ERIE
8098,13476,ONEIDA
8105,12153,RENSSELAER
8123,14826,STEUBEN
8124,12040,RENSSELAER
8130,13495,ONEIDA
8134,13082,MADISON
8135,49653,ALBANY
8161,10984,ROCKLAND
8162,13623,ST LAWRENCE
8176,14173,CATTARAUGUS
8183,12075,COLUMBIA
8193,12434,DELAWARE
8254,13795,BROOME
8270,12502,COLUMBIA
8278,12970,FRANKLIN
8320,14208,ERIE
8326,13138,ONONDAGA
8376,14435,LIVINGSTON
8438,12168,RENSSELAER
8475,14882,TOMPKINS
8522,100143730,NEW YORK
8543,13634,JEFFERSON
8573,11697,QUEENS
8583,11962,SUFFOLK
8634,13849,DELAWARE
8639,12917,FRANKLIN
8650,13110,ONONDAGA
8690,14877,STEUBEN
8697,13687,ST LAWRENCE
8711,112294209,KINGS
8735,10916,ORANGE
8755,13052,MADISON
8762,14806,ALLEGANY
8771,13743,TIOGA
8792,12253,ORANGE
8793,10280,NEW YORK
8803,120431514,SCHOHARIE
8814,12197,OTSEGO
8837,111221,KINGS
8842,110211219,NASSAU
8847,117720457,SUFFOLK
8884,13673,JEFFERSON
8894,11745,SUFFOLK
8913,10707,WESTCHESTER
8991,103013701,RICHMOND
9022,14036,GENESEE
9028,11940,SUFFOLK
9041,14506,MONROE
9052,12996,ESSEX
9080,13652,ST LAWRENCE
9093,97471,ALBANY
9107,13490,ONEIDA
9115,14519,WAYNE
9120,12903,CLINTON
9127,13143,WAYNE
9134,13308,ONEIDA
9147,97140,ALBANY
9158,14619,MONROE
9237,13431,HERKIMER
9277,10540,WESTCHESTER
9299,10553,WESTCHESTER
9303,10110,NEW YORK
9319,12588,ULSTER
9333,10490,ORANGE
9360,12022,RENSSELAER
9382,13428,MONTGOMERY
9388,11753,NASSAU
9397,12930,FRANKLIN
9421,13746,CHENANGO
9426,95247,ALBANY
9431,12926,FRANKLIN
9452,10595,WESTCHESTER
9476,11724,SUFFOLK
9579,12166,MONTGOMERY
9590,14814,CHEMUNG
9597,13140,CAYUGA
9604,10964,ROCKLAND
9629,14514,MONROE
9655,10285,NEW YORK
9700,12185,RENSSELAER
9719,93023,ALBANY
9798,13101,CORTLAND
9799,14069,ERIE
9823,14066,WYOMING
9836,12151,SARATOGA
9840,11408,QUEENS
9849,143050272,NIAGARA
9855,12124,GREENE
9864,95452,ALBANY
9890,13438,ONEIDA
9932,10604,WESTCHESTER
9959,12526,COLUMBIA
9960,13808,OTSEGO
9988,120202409,SARATOGA
10027,13672,ST LAWRENCE
10061,95242,ALBANY
10062,107041024,WESTCHESTER
10090,12726,SULLIVAN
10118,13622,JEFFERSON
10144,13646,ST LAWRENCE
10180,11721,SUFFOLK
10181,14111,ERIE
10226,13053,TOMPKINS
10239,14860,SENECA
10250,10933,ORANGE
10306,11011,NASSAU
10356,95472,ALBANY
10365,78701,ALBANY
10407,14132,NIAGARA
10412,13862,BROOME
10453,94557,ALBANY
10538,13461,ONEIDA
10588,120783927,FULTON
10659,14026,ERIE
10693,94954,ALBANY
10729,11977,SUFFOLK
10792,14893,SCHUYLER
10842,14033,ERIE
10874,144850565,LIVINGSTON
10887,12809,WASHINGTON
10904,12094,RENSSELAER
10994,13811,TIOGA
11055,13658,ST LAWRENCE
11066,93455,ALBANY
11086,12760,DELAWARE
11099,12922,ST LAWRENCE
11107,12089,RENSSELAER
11109,14740,CHAUTAUQUA
11110,12491,ULSTER
11246,13730,CHENANGO
11249,14511,MONROE
11281,10998,ORANGE
11301,94107,ALBANY
11336,13739,DELAWARE
11357,11955,SUFFOLK
11359,10912,ORANGE
11381,12155,OTSEGO
11394,12058,GREENE
11415,11024,NASSAU
11417,20175,ALBANY
11449,10178,NEW YORK
11455,12568,ULSTER
11467,13064,CAYUGA
11496,12945,FRANKLIN
11547,12916,FRANKLIN
11675,12910,CLINTON
11683,13410,MONTGOMERY
11734,12156,RENSSELAER
11748,142090039,ERIE
11797,120653100,SARATOGA
11799,10926,ORANGE
11900,13132,OSWEGO
11930,13640,JEFFERSON
11959,95962,ALBANY
11972,124771235,ULSTER
12006,14821,STEUBEN
12027,13026,CAYUGA
12065,13643,JEFFERSON
12092,11438,QUEENS
12112,13654,ST LAWRENCE
12115,14504,ONTARIO
12116,14032,ERIE
12143,12577,ORANGE
12193,14510,LIVINGSTON
12275,93960,ALBANY
12277,14805,SCHUYLER
12281,11947,SUFFOLK
12282,112241805,KINGS
12377,13063,ONONDAGA
12390,12766,SULLIVAN
12455,14602,MONROE
12471,14427,WYOMING
12474,12974,ESSEX
12516,10547,WESTCHESTER
12553,99320,ALBANY
12568,14709,ALLEGANY
12660,13469,ONEIDA
12734,12464,ULSTER
12755,13483,ONEIDA
12760,12838,WASHINGTON
12772,10989,ROCKLAND
12783,10578,WESTCHESTER
12790,14807,STEUBEN
12828,75009,ALBANY
12905,87113,ALBANY
12939,13108,ONONDAGA
13042,11022,NASSAU
13056,13651,JEFFERSON
13085,10602,WESTCHESTER
13092,12519,PUTNAM
13140,62918,ALBANY
13142,12937,FRANKLIN
13152,13424,ONEIDA
13154,98134,ALBANY
13164,11786,SUFFOLK
13174,14568,WAYNE
13213,13342,OTSEGO
13228,14743,CATTARAUGUS
13229,10921,ORANGE
13263,13648,LEWIS
13293,112033006,KINGS
13302,13835,BROOME
13321,110012024,NASSAU
13358,14560,LIVINGSTON
13378,14085,ERIE
13401,14028,NIAGARA
13407,95441,ALBANY
13420,12514,DUTCHESS
13433,13456,ONEIDA
13474,12441,ULSTER
13518,10904,ORANGE
13616,11961,SUFFOLK
13625,13115,OSWEGO
13688,95959,ALBANY
13696,14486,LIVINGSTON
13707,10526,WESTCHESTER
13714,104641102,BRONX
13750,119460008,SUFFOLK
13788,12740,SULLIVAN
13803,148409668,STEUBEN
13823,14817,TOMPKINS
13855,92029,ALBANY
13865,95023,ALBANY
13878,12732,SULLIVAN
13897,14548,ONTARIO
13922,12158,ALBANY
13993,12443,ULSTER
14038,12929,CLINTON
14059,125465238,DUTCHESS
14066,13406,HERKIMER
14133,12581,DUTCHESS
14197,148919707,SCHUYLER
14232,13310,MADISON
14256,13736,TIOGA
14319,12556,ORANGE
14403,94922,ALBANY
14419,10914,ORANGE
14497,14042,CATTARAUGUS
14507,128665306,SARATOGA
14594,132123830,ONONDAGA
14603,13470,FULTON
14608,12149,SCHOHARIE
14609,94621,ALBANY
14610,14783,CATTARAUGUS
14663,12737,SULLIVAN
14685,97111,ALBANY
14753,140944834,NIAGARA
14762,13678,ST LAWRENCE
14793,12220,ALBANY
14816,13211,ONONDAGA
14817,13754,BROOME
14821,93436,ALBANY
14877,14869,SCHUYLER
14923,12592,DUTCHESS
14937,11037,SUFFOLK
14954,143052215,NIAGARA
15031,10158,NEW YORK
15066,13731,DELAWARE
15074,12070,MONTGOMERY
15084,14571,ORLEANS
15090,12928,ESSEX
15215,13468,OTSEGO
15241,13694,ST LAWRENCE
15244,95451,ALBANY
15257,140311706,ERIE
15285,13695,ST LAWRENCE
15352,13313,ONEIDA
15406,14585,ONTARIO
15430,14125,GENESEE
15449,12164,HAMILTON
15456,12836,WARREN
15475,12541,COLUMBIA
15572,14545,LIVINGSTON
15588,12226,KINGS
15618,12874,WARREN
15721,13647,ST LAWRENCE
15756,11975,SUFFOLK
15762,78635,ALBANY
15777,100241103,NEW YORK
15791,121180649,SARATOGA
15884,12779,SULLIVAN
15920,124981607,ULSTER
15972,12451,GREENE
15987,14745,ALLEGANY
16093,10953,ORANGE
16146,14741,CATTARAUGUS
16152,10576,WESTCHESTER
16243,10808,WESTCHESTER
16322,14430,MONROE
16344,12190,HAMILTON
16370,13656,JEFFERSON
16378,12720,SULLIVAN
16460,109652427,ROCKLAND
16497,06359,ALBANY
16501,10162,NEW YORK
16553,13333,OTSEGO
16599,135014109,ONEIDA
16710,14785,CHAUTAUQUA
16794,134132194,ONEIDA
16863,14831,STEUBEN
16876,14505,WAYNE
16885,12521,COLUMBIA
16889,142162734,ERIE
16911,12480,ULSTER
16934,93440,ALBANY
16966,13748,BROOME
16972,117275170,SUFFOLK
17135,12950,ESSEX
17142,12531,DUTCHESS
17158,13144,OSWEGO
17186,11352,QUEENS
17216,20001,ALBANY
17246,13457,OTSEGO
17285,10123,NEW YORK
17333,144710125,ONTARIO
17369,117971204,NASSAU
17397,13081,CAYUGA
17488,14466,LIVINGSTON
17562,95366,ALBANY
17568,97527,ALBANY
17595,130210474,CAYUGA
17597,13638,JEFFERSON
17642,93420,ALBANY
17643,12059,ALBANY
17662,13040,CORTLAND
17707,14476,ORLEANS
17807,13690,ST LAWRENCE
17836,10975,ORANGE
17881,112171662,KINGS
17952,95060,ALBANY
17973,100364005,NEW YORK
17975,129502818,DUTCHESS
18014,14507,YATES
18030,143041732,NIAGARA
18089,94804,ALBANY
18108,12141,SCHENECTADY
18151,10271,NEW YORK
18204,12165,COLUMBIA
18229,12933,CLINTON
18333,13473,LEWIS
18464,124012743,ULSTER
18506,14037,WYOMING
18586,20144,ALBANY
18596,12969,FRANKLIN
18598,13028,OSWEGO
18628,92592,ALBANY
18647,12824,WARREN
18699,95415,ALBANY
18733,954048570,ALBANY
18734,13843,CHENANGO
18769,94599,ALBANY
18855,954769795,ALBANY
18881,130691565,OSWEGO
18895,10527,WESTCHESTER
18949,13839,DELAWARE
18957,98070,ALBANY
18968,11734,SUFFOLK
19009,97370,ALBANY
19064,95656,ALBANY
19120,988161759,ALBANY
19137,954762804,ALBANY
19218,975239721,ALBANY
19292,14880,ALLEGANY
19302,13022,CAYUGA
19325,93923,ALBANY
19336,95669,ALBANY
19362,14775,CHAUTAUQUA
19373,14729,CATTARAUGUS
19391,14422,GENESEE
19458,12808,WARREN
19462,10105,NEW YORK
19465,13345,LEWIS
19481,92591,ALBANY
19486,14879,STEUBEN
19499,75771,ALBANY
19525,12062,RENSSELAER
19545,90049,ALBANY
19573,13322,ONEIDA
19651,22624,ALBANY
19707,93927,ALBANY
19739,954710603,ALBANY
19765,954489714,ALBANY
19832,13163,MADISON
19838,13314,ONEIDA
19841,14129,CATTARAUGUS
19842,14842,YATES
19857,97128,ALBANY
19886,94562,ALBANY
19921,98903,ALBANY
19926,12108,HAMILTON
19927,12503,COLUMBIA
19984,12057,WASHINGTON
19985,12729,ORANGE
19999,12137,SCHENECTADY
20007,10166,NEW YORK
20026,14544,YATES
20044,94573,ALBANY
20049,98520,ALBANY
20090,93401,ALBANY
20106,13034,CAYUGA
20171,14902,CHEMUNG
20211,12429,ULSTER
20216,13464,CHENANGO
20228,954013814,ALBANY
20302,129862410,FRANKLIN
20332,10118,NEW YORK
20373,13751,DELAWARE
20379,13102,TOMPKINS
20396,694,QUEENS
20444,14894,CHEMUNG
20487,934469696,ALBANY
20493,79401,ALBANY
20546,23405,ALBANY
20592,14170,ERIE
20620,22727,ALBANY
20655,13661,JEFFERSON
20660,940704112,ALBANY
20672,13608,JEFFERSON
20709,119714673,SUFFOLK
20740,13810,OTSEGO
20741,95253,ALBANY
20764,14516,WAYNE
20814,12504,DUTCHESS
20870,54201,ALBANY
20904,13017,MADISON
20946,105503910,WESTCHESTER
20967,95684,ALBANY
20973,95251,ALBANY
21043,13325,LEWIS
21059,954489193,ALBANY
21063,14135,CHAUTAUQUA
21091,94946,ALBANY
21109,14756,CHAUTAUQUA
21159,945712054,ALBANY
21203,934352502,ALBANY
21214,972102055,ALBANY
21236,12575,ORANGE
21237,08534,ALBANY
21244,945159647,ALBANY
21250,945749628,ALBANY
21275,12080,RENSSELAER
21323,10103,NEW YORK
21381,14816,CHEMUNG
21425,92924,ALBANY
21427,993609710,ALBANY
21436,112209,KINGS
21476,13847,DELAWARE
21528,993621583,ALBANY
21561,97113,ALBANY
21565,30533,ALBANY
21579,13324,HERKIMER
21598,49674,ALBANY
21621,971150399,ALBANY
21631,12927,ST LAWRENCE
21674,95404,ALBANY
21723,95492,ALBANY
21754,14781,CHAUTAUQUA
21759,945159624,ALBANY
21766,12602,DUTCHESS
21787,971147219,ALBANY
21788,12076,SCHOHARIE
21842,14803,ALLEGANY
21877,97862,ALBANY
21881,11431,ALBANY
21927,99350,ALBANY
21976,13635,ST LAWRENCE
21999,14055,ERIE
22041,13301,ONEIDA
22042,95442,ALBANY
22062,95709,ALBANY
22158,954762812,ALBANY
22180,13804,DELAWARE
22214,20176,ALBANY
22215,14461,ONTARIO
22293,945874,ALBANY
22330,229027873,ALBANY
22370,98951,ALBANY
22381,13320,OTSEGO
22385,93451,ALBANY
22428,97062,ALBANY
22457,945730216,ALBANY
22467,12886,WARREN
22477,11794,SUFFOLK
22546,78624,ALBANY
22550,98620,ALBANY
22551,92025,ALBANY
22571,14029,NIAGARA
22599,93447,ALBANY
22602,12918,CLINTON
22607,971119566,ALBANY
22709,77043,ALBANY
22771,128669441,SARATOGA
22902,13477,ONEIDA
22919,12852,ESSEX
22998,13833,BROOME
23041,227252511,ALBANY
23065,14873,STEUBEN
23066,12131,SCHOHARIE
23106,12486,ULSTER
23122,14138,CATTARAUGUS
23141,13312,LEWIS
23208,14872,CHEMUNG
23220,99352,ALBANY
23249,08551,ALBANY
23268,954763252,ALBANY
23271,13433,LEWIS
23288,78754,ALBANY
23294,57069,ALBANY
23299,95457,ALBANY
23310,95012,ALBANY
23331,945749544,ALBANY
23339,971327373,ALBANY
23353,97101,ALBANY
23397,95466,ALBANY
23418,954013952,ALBANY
23427,95470,ALBANY
23463,13613,ST LAWRENCE
23500,14812,CHEMUNG
23578,12788,SULLIVAN
23622,10915,ORANGE
23624,993627156,ALBANY
23634,945740308,ALBANY
23639,13155,CHENANGO
23699,93933,ALBANY
23752,114596,NASSAU
23829,940287523,ALBANY
23851,95033,ALBANY
23866,14550,WYOMING
23960,12753,SULLIVAN
24001,14874,STEUBEN
24015,93022,ALBANY
24017,14736,CHAUTAUQUA
24050,94576,ALBANY
24068,945089607,ALBANY
24194,95423,ALBANY
24213,97123,ALBANY
24242,08037,ALBANY
24243,240914033,ALBANY
24269,05444,ALBANY
24276,13327,LEWIS
24307,13632,JEFFERSON
24310,12777,SULLIVAN
24373,12523,COLUMBIA
24392,93441,ALBANY
24393,288038900,ALBANY
24458,12432,ULSTER
24482,95014,ALBANY
24501,12750,SULLIVAN
24544,05855,ALBANY
24579,12460,GREENE
24627,13788,DELAWARE
24678,13156,CAYUGA
24693,12409,ULSTER
24706,95070,ALBANY
24746,971110190,ALBANY
24832,973710066,ALBANY
24854,97338,ALBANY
24878,93101,ALBANY
24907,956699513,ALBANY
24928,14739,ALLEGANY
24961,993505520,ALBANY
25036,13364,MADISON
25134,12923,CLINTON
25168,129831708,FRANKLIN
25188,93454,ALBANY
25311,13334,MADISON
25314,93637,ALBANY
25374,12965,ST LAWRENCE
25379,12121,RENSSELAER
25402,13158,CORTLAND
25419,954722137,ALBANY
25450,93103,ALBANY
25464,14539,LIVINGSTON
25520,12152,ONONDAGA
25552,12604,DUTCHESS
25565,123033107,SCHENECTADY
25650,13123,ONEIDA
25759,993626279,ALBANY
25763,14720,CHAUTAUQUA
25842,12960,ESSEX
25874,02652,ALBANY
25897,12028,RENSSELAER
25909,100143205,NEW YORK
25942,945749773,ALBANY
25954,803012457,ALBANY
25955,98292,ALBANY
25962,11956,SUFFOLK
25968,13670,ST LAWRENCE
25974,95698,ALBANY
25983,12138,RENSSELAER
26110,95336,ALBANY
26121,14062,CHAUTAUQUA
26137,993019711,ALBANY
26179,655591071,ALBANY
26200,14082,WYOMING
26261,12147,ALBANY
26294,10931,ROCKLAND
26306,12242,ALBANY
26311,14008,NIAGARA
26353,945730407,ALBANY
26399,100011632,NEW YORK
26421,94501,ALBANY
26491,13121,OSWEGO
26508,95469,ALBANY
26516,954489523,ALBANY
26560,13479,ONEIDA
26670,14429,ORLEANS
26720,12425,ULSTER
26737,10120,NEW YORK
26830,14782,CHAUTAUQUA
26836,950068573,ALBANY
26838,12957,FRANKLIN
26936,971160490,ALBANY
26987,99360,ALBANY
26994,10700,WESTCHESTER
27003,49686,ALBANY
27021,945769715,ALBANY
27101,20117,ALBANY
27107,14101,CATTARAUGUS
27121,49408,ALBANY
27150,973049779,ALBANY
27162,945589708,ALBANY
27185,14808,STEUBEN
27268,13636,JEFFERSON
27317,78671,ALBANY
27330,930011549,ALBANY
27356,210829541,ALBANY
27375,12515,ULSTER
27388,12762,SULLIVAN
27412,13335,OTSEGO
27514,08326,ALBANY
27548,98052,ALBANY
27560,94513,ALBANY
27591,945730450,ALBANY
27596,945159725,ALBANY
27756,105894258,WESTCHESTER
27761,13435,ONEIDA
27765,21915,ALBANY
27818,93930,ALBANY
27836,951262796,ALBANY
27859,11708,SUFFOLK
27888,22932,ALBANY
27904,10597,WESTCHESTER
27911,93432,ALBANY
27918,13809,CHENANGO
27941,10111,NEW YORK
27977,94928,ALBANY
27988,971150280,ALBANY
27999,22640,ALBANY
28013,231858063,ALBANY
28023,133270131,LEWIS
28054,94588,ALBANY
28055,954762814,ALBANY
28076,10171,NEW YORK
28163,97448,ALBANY
28173,97392,ALBANY
28189,954219659,ALBANY
28207,945159669,ALBANY
28270,11556,NASSAU
28288,13494,ONEIDA
28347,945749652,ALBANY
28379,971326572,ALBANY
28380,954482061,ALBANY
28390,76853,ALBANY
28515,970312002,ALBANY
28593,12722,SULLIVAN
28624,14824,SCHUYLER
28649,98831,ALBANY
28656,973389315,ALBANY
28696,14769,CHAUTAUQUA
28714,934469345,ALBANY
28717,95421,ALBANY
28785,14804,ALLEGANY
28835,980721976,ALBANY
28846,12819,WASHINGTON
28853,11584,NASSAU
28854,93648,ALBANY
28912,14898,STEUBEN
28950,993209589,ALBANY
29007,120430087,SCHOHARIE
29012,14825,CHEMUNG
29051,13111,CAYUGA
29093,13797,BROOME
29114,13699,ST LAWRENCE
29127,28458,ALBANY
29195,97116,ALBANY
29214,93001,ALBANY
29217,14748,CATTARAUGUS
29222,14168,CATTARAUGUS
29376,95667,ALBANY
29390,12130,COLUMBIA
29393,27947,ALBANY
29540,945741611,ALBANY
29588,96785,ALBANY
29594,945159618,ALBANY
29624,934549548,ALBANY
29770,14563,WAYNE
29861,971326566,ALBANY
29885,10402,BRONX
29961,48220,ALBANY
29994,12977,ESSEX
30188,64108,ALBANY
30203,12978,CLINTON
30239,98635,ALBANY
30289,88310,ALBANY
30312,12436,GREENE
30397,945581326,ALBANY
30408,97114,ALBANY
30429,12792,SULLIVAN
30448,12765,SULLIVAN
30540,97119,ALBANY
30560,14061,ERIE
30579,129861437,FRANKLIN
30581,934639766,ALBANY
30603,270287842,ALBANY
30730,13244,ONONDAGA
30789,12962,CLINTON
30795,12194,SCHOHARIE
30875,13484,MADISON
30927,13777,BROOME
31028,229471802,ALBANY
31039,14518,ONTARIO
31093,94534,ALBANY
31179,93908,ALBANY
31252,945620329,ALBANY
31284,97352,ALBANY
31314,97525,ALBANY
31337,97504,ALBANY
31390,14809,STEUBEN
31427,954660047,ALBANY
31435,956699507,ALBANY
31465,954928241,ALBANY
31583,78737,ALBANY
31718,12789,SULLIVAN
31755,954488319,ALBANY
31756,980727912,ALBANY
31872,11052,NASSAU
31995,993627400,ALBANY
32034,959621000,ALBANY
32178,934410837,ALBANY
32182,22554,ALBANY
32219,956678418,ALBANY
32232,14730,CATTARAUGUS
32355,12029,COLUMBIA
32425,13813,BROOME
32459,97371,ALBANY
32476,97040,ALBANY
32499,12873,WASHINGTON
32511,93405,ALBANY
32527,95432,ALBANY
32570,10175,NEW YORK
32603,14005,GENESEE
32643,99353,ALBANY
32681,19012,ALBANY
32692,945741551,ALBANY
32737,125420372,ULSTER
32754,13650,JEFFERSON
32809,14404,ERIE
32907,993387337,ALBANY
32967,12406,DELAWARE
33009,12222,ALBANY
33085,12791,SULLIVAN
33107,77808,ALBANY
33193,13071,CAYUGA
33200,925928022,ALBANY
33299,95003,ALBANY
33326,136622705,ST LAWRENCE
33336,95946,ALBANY
33408,27017,ALBANY
33455,14735,ALLEGANY
33487,13909,ONONDAGA
33535,99201,ALBANY
33580,954030108,ALBANY
33611,95073,ALBANY
33785,37014,ALBANY
33907,934549600,ALBANY
33938,87582,ALBANY
33960,99345,ALBANY
33997,10170,NEW YORK
34026,954419638,ALBANY
34081,97501,ALBANY
34100,95046,ALBANY
34139,954722236,ALBANY
34147,945589436,ALBANY
34234,12841,WASHINGTON
34319,954489662,ALBANY
34377,934549678,ALBANY
34409,94607,ALBANY
34426,12345,SCHENECTADY
34448,12513,COLUMBIA
34508,971198042,ALBANY
34657,12139,HAMILTON
34810,122067,ALBANY
34811,65041,ALBANY
34884,100114202,NEW YORK
34892,954520639,ALBANY
34962,14881,TOMPKINS
34975,13072,MADISON
34982,88030,ALBANY
34997,10151,NEW YORK
35102,12042,GREENE
35134,956674906,ALBANY
35156,14144,RENSSELAER
35208,12036,SCHOHARIE
35241,27295,ALBANY
35278,14065,CATTARAUGUS
35279,954419627,ALBANY
35324,954726401,ALBANY
35379,971147201,ALBANY
35389,945089778,ALBANY
35437,49079,ALBANY
35505,954488346,ALBANY
35592,13042,OSWEGO
35602,13620,LEWIS
35629,94567,ALBANY
35635,130351214,MADISON
35740,95405,ALBANY
35749,13684,ST LAWRENCE
35763,954469538,ALBANY
35802,974719067,ALBANY
35813,134171543,ONEIDA
35884,950339588,ALBANY
35900,136171463,ST LAWRENCE
35904,11129,KINGS
35910,97530,ALBANY
35963,14441,YATES
35980,145279554,YATES
35993,971147227,ALBANY
36036,14030,ERIE
36106,13630,ST LAWRENCE
36180,12727,SULLIVAN
36259,954488090,ALBANY
36322,12161,ALBANY
36369,945741704,ALBANY
36372,986359302,ALBANY
36384,945159739,ALBANY
36528,10537,PUTNAM
36604,14883,TIOGA
36637,95494,ALBANY
36662,100122423,NEW YORK
36748,98953,ALBANY
36782,95030,ALBANY
36807,18066,ALBANY
36836,13806,DELAWARE
36885,12913,ESSEX
37134,12746,ORANGE
37177,13080,ONONDAGA
37194,13318,ONEIDA
37249,57745,ALBANY
37411,12856,WARREN
37535,12915,FRANKLIN
37547,49101,ALBANY
37704,94020,ALBANY
37723,12060,COLUMBIA
37773,100133802,NEW YORK
37912,78745,ALBANY
37921,105202922,WESTCHESTER
37955,14113,WYOMING
37964,12935,CLINTON
37984,103082021,RICHMOND
38002,12958,CLINTON
38059,12173,COLUMBIA
38069,12177,MONTGOMERY
38101,13775,DELAWARE
38177,13305,LEWIS
38240,12492,GREENE
38297,12475,ULSTER
38305,93003,ALBANY
38315,81526,ALBANY
38488,13641,JEFFERSON
38495,83501,ALBANY
38531,13680,ST LAWRENCE
38552,10903,ROCKLAND
38605,91355,ALBANY
38662,81321,ALBANY
38790,22923,ALBANY
38851,10503,WESTCHESTER
38943,141310236,NIAGARA
38951,94952,ALBANY
38977,111554,NASSAU
39000,97148,ALBANY
39081,37862,ALBANY
39224,14413,WAYNE
39399,44721,ALBANY
39695,14839,STEUBEN
39827,14897,ALLEGANY
39862,10104,NEW YORK
39923,20132,ALBANY
39933,13083,OSWEGO
39945,13094,ONONDAGA
39952,54562,ALBANY
40150,94124,ALBANY
40157,13734,TIOGA
40162,95407,ALBANY
40164,12494,ULSTER
40185,14083,WYOMING
40308,18013,ALBANY
40325,10165,NEW YORK
40372,95603,ALBANY
40415,14670,CATTARAUGUS
40532,10090,ORANGE
40576,12966,FRANKLIN
40630,22841,ALBANY
40650,148400458,STEUBEN
40652,11272,QUEENS
40818,10995,ROCKLAND
40840,117091619,NASSAU
40896,33030,ALBANY
40913,12849,WASHINGTON
40956,12483,ULSTER
41003,13841,CHENANGO
41137,13750,DELAWARE
41161,96760,ALBANY
41231,98290,ALBANY
41335,10176,NEW YORK
41374,13321,ONEIDA
41384,56320,ALBANY
41467,98042,ALBANY
41567,20124,ALBANY
41609,12537,DUTCHESS
41640,13611,JEFFERSON
41641,98034,ALBANY
41685,13146,WAYNE
41706,11759,SUFFOLK
41730,100168132,NEW YORK
41936,47404,ALBANY
41985,98673,ALBANY
42177,10692,ROCKLAND
42233,33707,ALBANY
42249,14951,WYOMING
42327,954031651,ALBANY
42376,14102,ERIE
42500,12956,ESSEX
42555,20106,ALBANY
42637,16509,ALBANY
42655,86322,ALBANY
42757,23950,ALBANY
42910,95742,ALBANY
42961,12250,ALBANY
42996,130579749,ONONDAGA
43048,95076,ALBANY
43076,23230,ALBANY
43196,80205,ALBANY
43212,10069,NEW YORK
43215,49450,ALBANY
43257,93463,ALBANY
43341,95454,ALBANY
43399,90058,ALBANY
43429,97060,ALBANY
43502,13418,MADISON
43535,10802,WESTCHESTER
43557,14146,ERIE
43668,120950045,FULTON
43682,95694,ALBANY
43686,92075,ALBANY
43707,10407,BRONX
43735,12489,ULSTER
43916,12482,GREENE
43970,97361,ALBANY
44112,12116,OTSEGO
44210,80027,ALBANY
44381,79404,ALBANY
44424,94130,ALBANY
44432,59802,ALBANY
44455,97520,ALBANY
44606,94070,ALBANY
44619,57701,ALBANY
44625,95307,ALBANY
44630,11957,SUFFOLK
44687,12870-725,ESSEX
44744,12815,WARREN
44836,97214,ALBANY
44847,14515,MONROE
44957,94566,ALBANY
44999,22949,ALBANY
45009,14058,GENESEE
45088,95354,ALBANY
45295,17545,ALBANY
45330,98816,ALBANY
45339,95826,ALBANY
45469,18428,ALBANY
45534,11775,SUFFOLK
45539,06073,ALBANY
45567,98110,ALBANY
45720,934467033,ALBANY
45798,11986,SUFFOLK
45813,10177,NEW YORK
45889,90031,ALBANY
45943,59875,ALBANY
45945,113779,QUEENS
46018,94956,ALBANY
46056,11522,NASSAU
46075,97007,ALBANY
46183,83607,ALBANY
46198,12427,GREENE
46218,98930,ALBANY
46296,98148,ALBANY
46301,97330,ALBANY
46409,91352,ALBANY
46604,13860,DELAWARE
46640,12751,SULLIVAN
46673,97424,ALBANY
46686,05478,ALBANY
46935,22940,ALBANY
46959,10272,NEW YORK
47123,12785,SULLIVAN
47163,21779,ALBANY
47283,129190117,CLINTON
47333,13355,MADISON
47362,95037,ALBANY
47409,14556,LIVINGSTON
47448,12837,WASHINGTON
47719,13665,JEFFERSON
47779,133502023,HERKIMER
47823,117631-20,SUFFOLK
47840,13303,ONEIDA
47891,10587,WESTCHESTER
47990,13742,DELAWARE
48162,24484,ALBANY
48287,12422,GREENE
48478,97202,ALBANY
48551,05482,ALBANY
48566,14784,CHAUTAUQUA
48575,22959,ALBANY
48659,12034,RENSSELAER
48717,104543307,BRONX
48826,95467,ALBANY
48833,14140,ERIE
48859,12045,ALBANY
48894,14056,GENESEE
48981,11439,QUEENS
49096,14836,LIVINGSTON
49107,13649,ST LAWRENCE
49232,14820,STEUBEN
49302,95618,ALBANY
49378,37205,ALBANY
49455,17502,ALBANY
49545,08242,ALBANY
49554,63332,ALBANY
49735,12435,ULSTER
49808,93002,ALBANY
49835,14139,ERIE
49841,114282017,QUEENS
49843,81212,ALBANY
49973,22645,ALBANY
49980,613,MONROE
50018,12023,ALBANY
50071,02360,ALBANY
50072,96092,ALBANY
