,State FIPS,County Code,ZIP Code,File Date
0,36,1,12007,07/25/2007
1,36,1,12009,07/25/2007
2,36,1,12023,07/25/2007
3,36,1,12041,07/25/2007
4,36,1,12045,07/25/2007
5,36,1,12046,07/25/2007
6,36,1,12047,07/25/2007
7,36,1,12053,07/25/2007
8,36,1,12054,07/25/2007
9,36,1,12055,07/25/2007
10,36,1,12059,07/25/2007
11,36,1,12067,07/25/2007
12,36,1,12077,07/25/2007
13,36,1,12083,07/25/2007
14,36,1,12084,07/25/2007
15,36,1,12085,07/25/2007
16,36,1,12087,07/25/2007
17,36,1,12107,07/25/2007
18,36,1,12110,07/25/2007
19,36,1,12120,07/25/2007
20,36,1,12122,07/25/2007
21,36,1,12128,07/25/2007
22,36,1,12143,07/25/2007
23,36,1,12147,07/25/2007
24,36,1,12157,07/25/2007
25,36,1,12158,07/25/2007
26,36,1,12159,07/25/2007
27,36,1,12161,07/25/2007
28,36,1,12183,07/25/2007
29,36,1,12186,07/25/2007
30,36,1,12189,07/25/2007
31,36,1,12193,07/25/2007
32,36,1,12201,07/25/2007
33,36,1,12202,07/25/2007
34,36,1,12203,07/25/2007
35,36,1,12204,07/25/2007
36,36,1,12205,07/25/2007
37,36,1,12206,07/25/2007
38,36,1,12207,07/25/2007
39,36,1,12208,07/25/2007
40,36,1,12209,07/25/2007
41,36,1,12210,07/25/2007
42,36,1,12211,07/25/2007
43,36,1,12212,07/25/2007
44,36,1,12220,07/25/2007
45,36,1,12222,07/25/2007
46,36,1,12223,07/25/2007
47,36,1,12224,07/25/2007
48,36,1,12226,07/25/2007
49,36,1,12227,07/25/2007
50,36,1,12228,07/25/2007
51,36,1,12229,07/25/2007
52,36,1,12230,07/25/2007
53,36,1,12231,07/25/2007
54,36,1,12232,07/25/2007
55,36,1,12233,07/25/2007
56,36,1,12234,07/25/2007
57,36,1,12235,07/25/2007
58,36,1,12236,07/25/2007
59,36,1,12237,07/25/2007
60,36,1,12238,07/25/2007
61,36,1,12239,07/25/2007
62,36,1,12240,07/25/2007
63,36,1,12241,07/25/2007
64,36,1,12242,07/25/2007
65,36,1,12243,07/25/2007
66,36,1,12244,07/25/2007
67,36,1,12245,07/25/2007
68,36,1,12246,07/25/2007
69,36,1,12247,07/25/2007
70,36,1,12248,07/25/2007
71,36,1,12249,07/25/2007
72,36,1,12250,07/25/2007
73,36,1,12252,07/25/2007
74,36,1,12255,07/25/2007
75,36,1,12256,07/25/2007
76,36,1,12257,07/25/2007
77,36,1,12260,07/25/2007
78,36,1,12261,07/25/2007
79,36,1,12288,07/25/2007
80,36,1,12303,07/25/2007
81,36,1,12304,07/25/2007
82,36,1,12306,07/25/2007
83,36,1,12309,07/25/2007
84,36,1,12460,07/25/2007
85,36,1,12469,07/25/2007
86,36,3,14024,07/25/2007
87,36,3,14029,07/25/2007
88,36,3,14060,07/25/2007
89,36,3,14065,07/25/2007
90,36,3,14437,07/25/2007
91,36,3,14536,07/25/2007
92,36,3,14707,07/25/2007
93,36,3,14708,07/25/2007
94,36,3,14709,07/25/2007
95,36,3,14711,07/25/2007
96,36,3,14714,07/25/2007
97,36,3,14715,07/25/2007
98,36,3,14717,07/25/2007
99,36,3,14721,07/25/2007
100,36,3,14727,07/25/2007
101,36,3,14735,07/25/2007
102,36,3,14737,07/25/2007
103,36,3,14739,07/25/2007
104,36,3,14744,07/25/2007
105,36,3,14745,07/25/2007
106,36,3,14754,07/25/2007
107,36,3,14770,07/25/2007
108,36,3,14774,07/25/2007
109,36,3,14777,07/25/2007
110,36,3,14786,07/25/2007
111,36,3,14802,07/25/2007
112,36,3,14803,07/25/2007
113,36,3,14804,07/25/2007
114,36,3,14806,07/25/2007
115,36,3,14807,07/25/2007
116,36,3,14813,07/25/2007
117,36,3,14822,07/25/2007
118,36,3,14836,07/25/2007
119,36,3,14843,07/25/2007
120,36,3,14846,07/25/2007
121,36,3,14880,07/25/2007
122,36,3,14884,07/25/2007
123,36,3,14895,07/25/2007
124,36,3,14897,07/25/2007
125,36,5,10451,07/25/2007
126,36,5,10452,07/25/2007
127,36,5,10453,07/25/2007
128,36,5,10454,07/25/2007
129,36,5,10455,07/25/2007
130,36,5,10456,07/25/2007
131,36,5,10457,07/25/2007
132,36,5,10458,07/25/2007
133,36,5,10459,07/25/2007
134,36,5,10460,07/25/2007
135,36,5,10461,07/25/2007
136,36,5,10462,07/25/2007
137,36,5,10463,07/25/2007
138,36,5,10464,07/25/2007
139,36,5,10465,07/25/2007
140,36,5,10466,07/25/2007
141,36,5,10467,07/25/2007
142,36,5,10468,07/25/2007
143,36,5,10469,07/25/2007
144,36,5,10470,07/25/2007
145,36,5,10471,07/25/2007
146,36,5,10472,07/25/2007
147,36,5,10473,07/25/2007
148,36,5,10474,07/25/2007
149,36,5,10475,07/25/2007
150,36,5,10499,07/25/2007
151,36,5,10550,07/25/2007
152,36,5,10704,07/25/2007
153,36,5,10705,07/25/2007
154,36,5,10803,07/25/2007
155,36,7,13730,07/25/2007
156,36,7,13736,07/25/2007
157,36,7,13737,07/25/2007
158,36,7,13744,07/25/2007
159,36,7,13745,07/25/2007
160,36,7,13746,07/25/2007
161,36,7,13748,07/25/2007
162,36,7,13749,07/25/2007
163,36,7,13754,07/25/2007
164,36,7,13760,07/25/2007
165,36,7,13761,07/25/2007
166,36,7,13762,07/25/2007
167,36,7,13763,07/25/2007
168,36,7,13777,07/25/2007
169,36,7,13778,07/25/2007
170,36,7,13787,07/25/2007
171,36,7,13790,07/25/2007
172,36,7,13794,07/25/2007
173,36,7,13795,07/25/2007
174,36,7,13797,07/25/2007
175,36,7,13802,07/25/2007
176,36,7,13803,07/25/2007
177,36,7,13811,07/25/2007
178,36,7,13813,07/25/2007
179,36,7,13826,07/25/2007
180,36,7,13833,07/25/2007
181,36,7,13835,07/25/2007
182,36,7,13848,07/25/2007
183,36,7,13850,07/25/2007
184,36,7,13851,07/25/2007
185,36,7,13862,07/25/2007
186,36,7,13863,07/25/2007
187,36,7,13865,07/25/2007
188,36,7,13901,07/25/2007
189,36,7,13902,07/25/2007
190,36,7,13903,07/25/2007
191,36,7,13904,07/25/2007
192,36,7,13905,07/25/2007
193,36,9,14009,07/25/2007
194,36,9,14030,07/25/2007
195,36,9,14041,07/25/2007
196,36,9,14042,07/25/2007
197,36,9,14060,07/25/2007
198,36,9,14065,07/25/2007
199,36,9,14070,07/25/2007
200,36,9,14081,07/25/2007
201,36,9,14101,07/25/2007
202,36,9,14129,07/25/2007
203,36,9,14133,07/25/2007
204,36,9,14138,07/25/2007
205,36,9,14141,07/25/2007
206,36,9,14168,07/25/2007
207,36,9,14171,07/25/2007
208,36,9,14173,07/25/2007
209,36,9,14706,07/25/2007
210,36,9,14719,07/25/2007
211,36,9,14726,07/25/2007
212,36,9,14727,07/25/2007
213,36,9,14729,07/25/2007
214,36,9,14730,07/25/2007
215,36,9,14731,07/25/2007
216,36,9,14737,07/25/2007
217,36,9,14738,07/25/2007
218,36,9,14741,07/25/2007
219,36,9,14743,07/25/2007
220,36,9,14747,07/25/2007
221,36,9,14748,07/25/2007
222,36,9,14751,07/25/2007
223,36,9,14753,07/25/2007
224,36,9,14755,07/25/2007
225,36,9,14760,07/25/2007
226,36,9,14766,07/25/2007
227,36,9,14770,07/25/2007
228,36,9,14772,07/25/2007
229,36,9,14778,07/25/2007
230,36,9,14779,07/25/2007
231,36,9,14783,07/25/2007
232,36,9,14788,07/25/2007
233,36,11,13021,07/25/2007
234,36,11,13022,07/25/2007
235,36,11,13024,07/25/2007
236,36,11,13026,07/25/2007
237,36,11,13027,07/25/2007
238,36,11,13033,07/25/2007
239,36,11,13034,07/25/2007
240,36,11,13045,07/25/2007
241,36,11,13064,07/25/2007
242,36,11,13071,07/25/2007
243,36,11,13073,07/25/2007
244,36,11,13074,07/25/2007
245,36,11,13080,07/25/2007
246,36,11,13081,07/25/2007
247,36,11,13092,07/25/2007
248,36,11,13111,07/25/2007
249,36,11,13113,07/25/2007
250,36,11,13117,07/25/2007
251,36,11,13118,07/25/2007
252,36,11,13126,07/25/2007
253,36,11,13139,07/25/2007
254,36,11,13140,07/25/2007
255,36,11,13143,07/25/2007
256,36,11,13147,07/25/2007
257,36,11,13152,07/25/2007
258,36,11,13156,07/25/2007
259,36,11,13160,07/25/2007
260,36,11,13166,07/25/2007
261,36,11,14882,07/25/2007
262,36,13,14048,07/25/2007
263,36,13,14062,07/25/2007
264,36,13,14063,07/25/2007
265,36,13,14081,07/25/2007
266,36,13,14135,07/25/2007
267,36,13,14136,07/25/2007
268,36,13,14138,07/25/2007
269,36,13,14166,07/25/2007
270,36,13,14701,07/25/2007
271,36,13,14702,07/25/2007
272,36,13,14710,07/25/2007
273,36,13,14712,07/25/2007
274,36,13,14716,07/25/2007
275,36,13,14718,07/25/2007
276,36,13,14720,07/25/2007
277,36,13,14722,07/25/2007
278,36,13,14723,07/25/2007
279,36,13,14724,07/25/2007
280,36,13,14726,07/25/2007
281,36,13,14728,07/25/2007
282,36,13,14732,07/25/2007
283,36,13,14733,07/25/2007
284,36,13,14736,07/25/2007
285,36,13,14738,07/25/2007
286,36,13,14740,07/25/2007
287,36,13,14742,07/25/2007
288,36,13,14747,07/25/2007
289,36,13,14750,07/25/2007
290,36,13,14752,07/25/2007
291,36,13,14756,07/25/2007
292,36,13,14757,07/25/2007
293,36,13,14758,07/25/2007
294,36,13,14767,07/25/2007
295,36,13,14769,07/25/2007
296,36,13,14775,07/25/2007
297,36,13,14781,07/25/2007
298,36,13,14782,07/25/2007
299,36,13,14784,07/25/2007
300,36,13,14785,07/25/2007
301,36,13,14787,07/25/2007
302,36,15,14805,07/25/2007
303,36,15,14812,07/25/2007
304,36,15,14814,07/25/2007
305,36,15,14816,07/25/2007
306,36,15,14824,07/25/2007
307,36,15,14825,07/25/2007
308,36,15,14830,07/25/2007
309,36,15,14838,07/25/2007
310,36,15,14845,07/25/2007
311,36,15,14859,07/25/2007
312,36,15,14861,07/25/2007
313,36,15,14864,07/25/2007
314,36,15,14871,07/25/2007
315,36,15,14872,07/25/2007
316,36,15,14889,07/25/2007
317,36,15,14892,07/25/2007
318,36,15,14894,07/25/2007
319,36,15,14901,07/25/2007
320,36,15,14902,07/25/2007
321,36,15,14903,07/25/2007
322,36,15,14904,07/25/2007
323,36,15,14905,07/25/2007
324,36,15,14925,07/25/2007
325,36,17,13040,07/25/2007
326,36,17,13052,07/25/2007
327,36,17,13072,07/25/2007
328,36,17,13124,07/25/2007
329,36,17,13136,07/25/2007
330,36,17,13155,07/25/2007
331,36,17,13332,07/25/2007
332,36,17,13411,07/25/2007
333,36,17,13460,07/25/2007
334,36,17,13464,07/25/2007
335,36,17,13485,07/25/2007
336,36,17,13730,07/25/2007
337,36,17,13733,07/25/2007
338,36,17,13746,07/25/2007
339,36,17,13758,07/25/2007
340,36,17,13778,07/25/2007
341,36,17,13780,07/25/2007
342,36,17,13787,07/25/2007
343,36,17,13801,07/25/2007
344,36,17,13809,07/25/2007
345,36,17,13813,07/25/2007
346,36,17,13814,07/25/2007
347,36,17,13815,07/25/2007
348,36,17,13830,07/25/2007
349,36,17,13832,07/25/2007
350,36,17,13833,07/25/2007
351,36,17,13841,07/25/2007
352,36,17,13843,07/25/2007
353,36,17,13844,07/25/2007
354,36,17,13863,07/25/2007
355,36,19,12901,07/25/2007
356,36,19,12903,07/25/2007
357,36,19,12910,07/25/2007
358,36,19,12911,07/25/2007
359,36,19,12912,07/25/2007
360,36,19,12918,07/25/2007
361,36,19,12919,07/25/2007
362,36,19,12920,07/25/2007
363,36,19,12921,07/25/2007
364,36,19,12923,07/25/2007
365,36,19,12924,07/25/2007
366,36,19,12929,07/25/2007
367,36,19,12933,07/25/2007
368,36,19,12934,07/25/2007
369,36,19,12935,07/25/2007
370,36,19,12944,07/25/2007
371,36,19,12952,07/25/2007
372,36,19,12955,07/25/2007
373,36,19,12958,07/25/2007
374,36,19,12959,07/25/2007
375,36,19,12962,07/25/2007
376,36,19,12972,07/25/2007
377,36,19,12978,07/25/2007
378,36,19,12979,07/25/2007
379,36,19,12981,07/25/2007
380,36,19,12985,07/25/2007
381,36,19,12992,07/25/2007
382,36,19,12997,07/25/2007
383,36,21,12017,07/25/2007
384,36,21,12024,07/25/2007
385,36,21,12029,07/25/2007
386,36,21,12037,07/25/2007
387,36,21,12050,07/25/2007
388,36,21,12060,07/25/2007
389,36,21,12062,07/25/2007
390,36,21,12075,07/25/2007
391,36,21,12106,07/25/2007
392,36,21,12115,07/25/2007
393,36,21,12123,07/25/2007
394,36,21,12125,07/25/2007
395,36,21,12130,07/25/2007
396,36,21,12132,07/25/2007
397,36,21,12136,07/25/2007
398,36,21,12156,07/25/2007
399,36,21,12165,07/25/2007
400,36,21,12168,07/25/2007
401,36,21,12172,07/25/2007
402,36,21,12173,07/25/2007
403,36,21,12174,07/25/2007
404,36,21,12184,07/25/2007
405,36,21,12195,07/25/2007
406,36,21,12502,07/25/2007
407,36,21,12503,07/25/2007
408,36,21,12513,07/25/2007
409,36,21,12516,07/25/2007
410,36,21,12517,07/25/2007
411,36,21,12521,07/25/2007
412,36,21,12523,07/25/2007
413,36,21,12526,07/25/2007
414,36,21,12529,07/25/2007
415,36,21,12530,07/25/2007
416,36,21,12534,07/25/2007
417,36,21,12541,07/25/2007
418,36,21,12544,07/25/2007
419,36,21,12546,07/25/2007
420,36,21,12565,07/25/2007
421,36,21,12567,07/25/2007
422,36,21,12571,07/25/2007
423,36,21,12583,07/25/2007
424,36,23,13040,07/25/2007
425,36,23,13045,07/25/2007
426,36,23,13052,07/25/2007
427,36,23,13053,07/25/2007
428,36,23,13056,07/25/2007
429,36,23,13077,07/25/2007
430,36,23,13087,07/25/2007
431,36,23,13101,07/25/2007
432,36,23,13141,07/25/2007
433,36,23,13158,07/25/2007
434,36,23,13159,07/25/2007
435,36,23,13738,07/25/2007
436,36,23,13784,07/25/2007
437,36,23,13803,07/25/2007
438,36,23,13835,07/25/2007
439,36,23,13863,07/25/2007
440,36,25,12093,07/25/2007
441,36,25,12155,07/25/2007
442,36,25,12167,07/25/2007
443,36,25,12406,07/25/2007
444,36,25,12421,07/25/2007
445,36,25,12430,07/25/2007
446,36,25,12434,07/25/2007
447,36,25,12438,07/25/2007
448,36,25,12455,07/25/2007
449,36,25,12459,07/25/2007
450,36,25,12465,07/25/2007
451,36,25,12468,07/25/2007
452,36,25,12474,07/25/2007
453,36,25,12758,07/25/2007
454,36,25,12760,07/25/2007
455,36,25,12776,07/25/2007
456,36,25,13731,07/25/2007
457,36,25,13733,07/25/2007
458,36,25,13739,07/25/2007
459,36,25,13740,07/25/2007
460,36,25,13750,07/25/2007
461,36,25,13751,07/25/2007
462,36,25,13752,07/25/2007
463,36,25,13753,07/25/2007
464,36,25,13754,07/25/2007
465,36,25,13755,07/25/2007
466,36,25,13756,07/25/2007
467,36,25,13757,07/25/2007
468,36,25,13774,07/25/2007
469,36,25,13775,07/25/2007
470,36,25,13782,07/25/2007
471,36,25,13783,07/25/2007
472,36,25,13786,07/25/2007
473,36,25,13788,07/25/2007
474,36,25,13804,07/25/2007
475,36,25,13806,07/25/2007
476,36,25,13820,07/25/2007
477,36,25,13825,07/25/2007
478,36,25,13838,07/25/2007
479,36,25,13839,07/25/2007
480,36,25,13842,07/25/2007
481,36,25,13846,07/25/2007
482,36,25,13847,07/25/2007
483,36,25,13849,07/25/2007
484,36,25,13856,07/25/2007
485,36,25,13860,07/25/2007
486,36,27,10516,07/25/2007
487,36,27,12501,07/25/2007
488,36,27,12504,07/25/2007
489,36,27,12506,07/25/2007
490,36,27,12507,07/25/2007
491,36,27,12508,07/25/2007
492,36,27,12510,07/25/2007
493,36,27,12511,07/25/2007
494,36,27,12512,07/25/2007
495,36,27,12514,07/25/2007
496,36,27,12522,07/25/2007
497,36,27,12524,07/25/2007
498,36,27,12527,07/25/2007
499,36,27,12531,07/25/2007
500,36,27,12533,07/25/2007
501,36,27,12537,07/25/2007
502,36,27,12538,07/25/2007
503,36,27,12540,07/25/2007
504,36,27,12545,07/25/2007
505,36,27,12546,07/25/2007
506,36,27,12564,07/25/2007
507,36,27,12567,07/25/2007
508,36,27,12569,07/25/2007
509,36,27,12570,07/25/2007
510,36,27,12571,07/25/2007
511,36,27,12572,07/25/2007
512,36,27,12574,07/25/2007
513,36,27,12578,07/25/2007
514,36,27,12580,07/25/2007
515,36,27,12581,07/25/2007
516,36,27,12582,07/25/2007
517,36,27,12583,07/25/2007
518,36,27,12585,07/25/2007
519,36,27,12590,07/25/2007
520,36,27,12592,07/25/2007
521,36,27,12594,07/25/2007
522,36,27,12601,07/25/2007
523,36,27,12602,07/25/2007
524,36,27,12603,07/25/2007
525,36,27,12604,07/25/2007
526,36,29,14001,07/25/2007
527,36,29,14004,07/25/2007
528,36,29,14006,07/25/2007
529,36,29,14010,07/25/2007
530,36,29,14013,07/25/2007
531,36,29,14025,07/25/2007
532,36,29,14026,07/25/2007
533,36,29,14027,07/25/2007
534,36,29,14030,07/25/2007
535,36,29,14031,07/25/2007
536,36,29,14032,07/25/2007
537,36,29,14033,07/25/2007
538,36,29,14034,07/25/2007
539,36,29,14035,07/25/2007
540,36,29,14037,07/25/2007
541,36,29,14038,07/25/2007
542,36,29,14043,07/25/2007
543,36,29,14047,07/25/2007
544,36,29,14051,07/25/2007
545,36,29,14052,07/25/2007
546,36,29,14055,07/25/2007
547,36,29,14057,07/25/2007
548,36,29,14059,07/25/2007
549,36,29,14061,07/25/2007
550,36,29,14068,07/25/2007
551,36,29,14069,07/25/2007
552,36,29,14070,07/25/2007
553,36,29,14072,07/25/2007
554,36,29,14075,07/25/2007
555,36,29,14080,07/25/2007
556,36,29,14081,07/25/2007
557,36,29,14085,07/25/2007
558,36,29,14086,07/25/2007
559,36,29,14091,07/25/2007
560,36,29,14102,07/25/2007
561,36,29,14110,07/25/2007
562,36,29,14111,07/25/2007
563,36,29,14112,07/25/2007
564,36,29,14127,07/25/2007
565,36,29,14134,07/25/2007
566,36,29,14139,07/25/2007
567,36,29,14140,07/25/2007
568,36,29,14141,07/25/2007
569,36,29,14145,07/25/2007
570,36,29,14150,07/25/2007
571,36,29,14151,07/25/2007
572,36,29,14169,07/25/2007
573,36,29,14170,07/25/2007
574,36,29,14201,07/25/2007
575,36,29,14202,07/25/2007
576,36,29,14203,07/25/2007
577,36,29,14204,07/25/2007
578,36,29,14205,07/25/2007
579,36,29,14206,07/25/2007
580,36,29,14207,07/25/2007
581,36,29,14208,07/25/2007
582,36,29,14209,07/25/2007
583,36,29,14210,07/25/2007
584,36,29,14211,07/25/2007
585,36,29,14212,07/25/2007
586,36,29,14213,07/25/2007
587,36,29,14214,07/25/2007
588,36,29,14215,07/25/2007
589,36,29,14216,07/25/2007
590,36,29,14217,07/25/2007
591,36,29,14218,07/25/2007
592,36,29,14219,07/25/2007
593,36,29,14220,07/25/2007
594,36,29,14221,07/25/2007
595,36,29,14222,07/25/2007
596,36,29,14223,07/25/2007
597,36,29,14224,07/25/2007
598,36,29,14225,07/25/2007
599,36,29,14226,07/25/2007
600,36,29,14227,07/25/2007
601,36,29,14228,07/25/2007
602,36,29,14231,07/25/2007
603,36,29,14233,07/25/2007
604,36,29,14240,07/25/2007
605,36,29,14241,07/25/2007
606,36,29,14260,07/25/2007
607,36,29,14261,07/25/2007
608,36,29,14263,07/25/2007
609,36,29,14264,07/25/2007
610,36,29,14265,07/25/2007
611,36,29,14267,07/25/2007
612,36,29,14269,07/25/2007
613,36,29,14270,07/25/2007
614,36,29,14272,07/25/2007
615,36,29,14273,07/25/2007
616,36,29,14276,07/25/2007
617,36,29,14280,07/25/2007
618,36,31,12836,07/25/2007
619,36,31,12851,07/25/2007
620,36,31,12852,07/25/2007
621,36,31,12853,07/25/2007
622,36,31,12855,07/25/2007
623,36,31,12857,07/25/2007
624,36,31,12858,07/25/2007
625,36,31,12870,07/25/2007
626,36,31,12872,07/25/2007
627,36,31,12879,07/25/2007
628,36,31,12883,07/25/2007
629,36,31,12911,07/25/2007
630,36,31,12912,07/25/2007
631,36,31,12913,07/25/2007
632,36,31,12928,07/25/2007
633,36,31,12932,07/25/2007
634,36,31,12936,07/25/2007
635,36,31,12941,07/25/2007
636,36,31,12942,07/25/2007
637,36,31,12943,07/25/2007
638,36,31,12944,07/25/2007
639,36,31,12946,07/25/2007
640,36,31,12950,07/25/2007
641,36,31,12956,07/25/2007
642,36,31,12960,07/25/2007
643,36,31,12961,07/25/2007
644,36,31,12964,07/25/2007
645,36,31,12972,07/25/2007
646,36,31,12974,07/25/2007
647,36,31,12975,07/25/2007
648,36,31,12977,07/25/2007
649,36,31,12983,07/25/2007
650,36,31,12987,07/25/2007
651,36,31,12989,07/25/2007
652,36,31,12993,07/25/2007
653,36,31,12996,07/25/2007
654,36,31,12997,07/25/2007
655,36,31,12998,07/25/2007
656,36,33,12912,07/25/2007
657,36,33,12913,07/25/2007
658,36,33,12914,07/25/2007
659,36,33,12915,07/25/2007
660,36,33,12916,07/25/2007
661,36,33,12917,07/25/2007
662,36,33,12920,07/25/2007
663,36,33,12926,07/25/2007
664,36,33,12930,07/25/2007
665,36,33,12937,07/25/2007
666,36,33,12939,07/25/2007
667,36,33,12945,07/25/2007
668,36,33,12953,07/25/2007
669,36,33,12955,07/25/2007
670,36,33,12957,07/25/2007
671,36,33,12966,07/25/2007
672,36,33,12967,07/25/2007
673,36,33,12969,07/25/2007
674,36,33,12970,07/25/2007
675,36,33,12976,07/25/2007
676,36,33,12980,07/25/2007
677,36,33,12983,07/25/2007
678,36,33,12986,07/25/2007
679,36,33,12989,07/25/2007
680,36,33,12995,07/25/2007
681,36,33,13655,07/25/2007
682,36,33,13683,07/25/2007
683,36,35,12010,07/25/2007
684,36,35,12025,07/25/2007
685,36,35,12032,07/25/2007
686,36,35,12068,07/25/2007
687,36,35,12070,07/25/2007
688,36,35,12078,07/25/2007
689,36,35,12086,07/25/2007
690,36,35,12095,07/25/2007
691,36,35,12117,07/25/2007
692,36,35,12134,07/25/2007
693,36,35,13329,07/25/2007
694,36,35,13339,07/25/2007
695,36,35,13452,07/25/2007
696,36,35,13454,07/25/2007
697,36,35,13470,07/25/2007
698,36,37,14001,07/25/2007
699,36,37,14004,07/25/2007
700,36,37,14005,07/25/2007
701,36,37,14011,07/25/2007
702,36,37,14013,07/25/2007
703,36,37,14020,07/25/2007
704,36,37,14021,07/25/2007
705,36,37,14036,07/25/2007
706,36,37,14040,07/25/2007
707,36,37,14054,07/25/2007
708,36,37,14056,07/25/2007
709,36,37,14058,07/25/2007
710,36,37,14103,07/25/2007
711,36,37,14105,07/25/2007
712,36,37,14125,07/25/2007
713,36,37,14143,07/25/2007
714,36,37,14416,07/25/2007
715,36,37,14422,07/25/2007
716,36,37,14428,07/25/2007
717,36,37,14482,07/25/2007
718,36,37,14525,07/25/2007
719,36,37,14557,07/25/2007
720,36,37,14591,07/25/2007
721,36,39,12015,07/25/2007
722,36,39,12042,07/25/2007
723,36,39,12046,07/25/2007
724,36,39,12051,07/25/2007
725,36,39,12058,07/25/2007
726,36,39,12083,07/25/2007
727,36,39,12087,07/25/2007
728,36,39,12124,07/25/2007
729,36,39,12143,07/25/2007
730,36,39,12176,07/25/2007
731,36,39,12192,07/25/2007
732,36,39,12405,07/25/2007
733,36,39,12407,07/25/2007
734,36,39,12413,07/25/2007
735,36,39,12414,07/25/2007
736,36,39,12418,07/25/2007
737,36,39,12422,07/25/2007
738,36,39,12423,07/25/2007
739,36,39,12424,07/25/2007
740,36,39,12427,07/25/2007
741,36,39,12430,07/25/2007
742,36,39,12431,07/25/2007
743,36,39,12436,07/25/2007
744,36,39,12439,07/25/2007
745,36,39,12442,07/25/2007
746,36,39,12444,07/25/2007
747,36,39,12450,07/25/2007
748,36,39,12451,07/25/2007
749,36,39,12452,07/25/2007
750,36,39,12454,07/25/2007
751,36,39,12460,07/25/2007
752,36,39,12463,07/25/2007
753,36,39,12468,07/25/2007
754,36,39,12469,07/25/2007
755,36,39,12470,07/25/2007
756,36,39,12473,07/25/2007
757,36,39,12477,07/25/2007
758,36,39,12480,07/25/2007
759,36,39,12482,07/25/2007
760,36,39,12485,07/25/2007
761,36,39,12492,07/25/2007
762,36,39,12495,07/25/2007
763,36,39,12496,07/25/2007
764,36,41,12032,07/25/2007
765,36,41,12108,07/25/2007
766,36,41,12134,07/25/2007
767,36,41,12139,07/25/2007
768,36,41,12164,07/25/2007
769,36,41,12190,07/25/2007
770,36,41,12812,07/25/2007
771,36,41,12842,07/25/2007
772,36,41,12847,07/25/2007
773,36,41,12864,07/25/2007
774,36,41,13331,07/25/2007
775,36,41,13353,07/25/2007
776,36,41,13360,07/25/2007
777,36,41,13436,07/25/2007
778,36,43,13304,07/25/2007
779,36,43,13322,07/25/2007
780,36,43,13324,07/25/2007
781,36,43,13329,07/25/2007
782,36,43,13331,07/25/2007
783,36,43,13338,07/25/2007
784,36,43,13339,07/25/2007
785,36,43,13340,07/25/2007
786,36,43,13350,07/25/2007
787,36,43,13357,07/25/2007
788,36,43,13361,07/25/2007
789,36,43,13365,07/25/2007
790,36,43,13367,07/25/2007
791,36,43,13406,07/25/2007
792,36,43,13407,07/25/2007
793,36,43,13413,07/25/2007
794,36,43,13416,07/25/2007
795,36,43,13420,07/25/2007
796,36,43,13431,07/25/2007
797,36,43,13438,07/25/2007
798,36,43,13439,07/25/2007
799,36,43,13454,07/25/2007
800,36,43,13456,07/25/2007
801,36,43,13470,07/25/2007
802,36,43,13472,07/25/2007
803,36,43,13475,07/25/2007
804,36,43,13491,07/25/2007
805,36,43,13501,07/25/2007
806,36,43,13502,07/25/2007
807,36,45,13083,07/25/2007
808,36,45,13145,07/25/2007
809,36,45,13601,07/25/2007
810,36,45,13602,07/25/2007
811,36,45,13603,07/25/2007
812,36,45,13605,07/25/2007
813,36,45,13606,07/25/2007
814,36,45,13607,07/25/2007
815,36,45,13608,07/25/2007
816,36,45,13611,07/25/2007
817,36,45,13612,07/25/2007
818,36,45,13615,07/25/2007
819,36,45,13616,07/25/2007
820,36,45,13618,07/25/2007
821,36,45,13619,07/25/2007
822,36,45,13622,07/25/2007
823,36,45,13624,07/25/2007
824,36,45,13626,07/25/2007
825,36,45,13628,07/25/2007
826,36,45,13631,07/25/2007
827,36,45,13632,07/25/2007
828,36,45,13634,07/25/2007
829,36,45,13636,07/25/2007
830,36,45,13637,07/25/2007
831,36,45,13638,07/25/2007
832,36,45,13640,07/25/2007
833,36,45,13641,07/25/2007
834,36,45,13643,07/25/2007
835,36,45,13646,07/25/2007
836,36,45,13650,07/25/2007
837,36,45,13651,07/25/2007
838,36,45,13656,07/25/2007
839,36,45,13659,07/25/2007
840,36,45,13661,07/25/2007
841,36,45,13665,07/25/2007
842,36,45,13671,07/25/2007
843,36,45,13673,07/25/2007
844,36,45,13674,07/25/2007
845,36,45,13675,07/25/2007
846,36,45,13679,07/25/2007
847,36,45,13682,07/25/2007
848,36,45,13685,07/25/2007
849,36,45,13691,07/25/2007
850,36,45,13692,07/25/2007
851,36,45,13693,07/25/2007
852,36,47,11201,07/25/2007
853,36,47,11202,07/25/2007
854,36,47,11203,07/25/2007
855,36,47,11204,07/25/2007
856,36,47,11205,07/25/2007
857,36,47,11206,07/25/2007
858,36,47,11207,07/25/2007
859,36,47,11208,07/25/2007
860,36,47,11209,07/25/2007
861,36,47,11210,07/25/2007
862,36,47,11211,07/25/2007
863,36,47,11212,07/25/2007
864,36,47,11213,07/25/2007
865,36,47,11214,07/25/2007
866,36,47,11215,07/25/2007
867,36,47,11216,07/25/2007
868,36,47,11217,07/25/2007
869,36,47,11218,07/25/2007
870,36,47,11219,07/25/2007
871,36,47,11220,07/25/2007
872,36,47,11221,07/25/2007
873,36,47,11222,07/25/2007
874,36,47,11223,07/25/2007
875,36,47,11224,07/25/2007
876,36,47,11225,07/25/2007
877,36,47,11226,07/25/2007
878,36,47,11228,07/25/2007
879,36,47,11229,07/25/2007
880,36,47,11230,07/25/2007
881,36,47,11231,07/25/2007
882,36,47,11232,07/25/2007
883,36,47,11233,07/25/2007
884,36,47,11234,07/25/2007
885,36,47,11235,07/25/2007
886,36,47,11236,07/25/2007
887,36,47,11237,07/25/2007
888,36,47,11238,07/25/2007
889,36,47,11239,07/25/2007
890,36,47,11241,07/25/2007
891,36,47,11242,07/25/2007
892,36,47,11243,07/25/2007
893,36,47,11245,07/25/2007
894,36,47,11247,07/25/2007
895,36,47,11249,07/25/2007
896,36,47,11251,07/25/2007
897,36,47,11252,07/25/2007
898,36,47,11256,07/25/2007
899,36,47,11693,07/25/2007
900,36,49,13305,07/25/2007
901,36,49,13309,07/25/2007
902,36,49,13312,07/25/2007
903,36,49,13316,07/25/2007
904,36,49,13325,07/25/2007
905,36,49,13327,07/25/2007
906,36,49,13343,07/25/2007
907,36,49,13345,07/25/2007
908,36,49,13367,07/25/2007
909,36,49,13368,07/25/2007
910,36,49,13404,07/25/2007
911,36,49,13433,07/25/2007
912,36,49,13437,07/25/2007
913,36,49,13471,07/25/2007
914,36,49,13473,07/25/2007
915,36,49,13489,07/25/2007
916,36,49,13619,07/25/2007
917,36,49,13620,07/25/2007
918,36,49,13626,07/25/2007
919,36,49,13627,07/25/2007
920,36,49,13648,07/25/2007
921,36,49,13665,07/25/2007
922,36,49,13682,07/25/2007
923,36,51,14414,07/25/2007
924,36,51,14423,07/25/2007
925,36,51,14435,07/25/2007
926,36,51,14437,07/25/2007
927,36,51,14454,07/25/2007
928,36,51,14462,07/25/2007
929,36,51,14466,07/25/2007
930,36,51,14472,07/25/2007
931,36,51,14480,07/25/2007
932,36,51,14481,07/25/2007
933,36,51,14482,07/25/2007
934,36,51,14485,07/25/2007
935,36,51,14486,07/25/2007
936,36,51,14487,07/25/2007
937,36,51,14488,07/25/2007
938,36,51,14510,07/25/2007
939,36,51,14517,07/25/2007
940,36,51,14525,07/25/2007
941,36,51,14530,07/25/2007
942,36,51,14533,07/25/2007
943,36,51,14536,07/25/2007
944,36,51,14539,07/25/2007
945,36,51,14545,07/25/2007
946,36,51,14556,07/25/2007
947,36,51,14558,07/25/2007
948,36,51,14560,07/25/2007
949,36,51,14572,07/25/2007
950,36,51,14592,07/25/2007
951,36,51,14822,07/25/2007
952,36,51,14836,07/25/2007
953,36,51,14846,07/25/2007
954,36,53,13030,07/25/2007
955,36,53,13032,07/25/2007
956,36,53,13035,07/25/2007
957,36,53,13037,07/25/2007
958,36,53,13043,07/25/2007
959,36,53,13052,07/25/2007
960,36,53,13061,07/25/2007
961,36,53,13072,07/25/2007
962,36,53,13082,07/25/2007
963,36,53,13104,07/25/2007
964,36,53,13122,07/25/2007
965,36,53,13134,07/25/2007
966,36,53,13163,07/25/2007
967,36,53,13310,07/25/2007
968,36,53,13314,07/25/2007
969,36,53,13332,07/25/2007
970,36,53,13334,07/25/2007
971,36,53,13346,07/25/2007
972,36,53,13355,07/25/2007
973,36,53,13364,07/25/2007
974,36,53,13402,07/25/2007
975,36,53,13408,07/25/2007
976,36,53,13409,07/25/2007
977,36,53,13418,07/25/2007
978,36,53,13421,07/25/2007
979,36,53,13425,07/25/2007
980,36,53,13460,07/25/2007
981,36,53,13465,07/25/2007
982,36,53,13477,07/25/2007
983,36,53,13480,07/25/2007
984,36,53,13484,07/25/2007
985,36,53,13485,07/25/2007
986,36,53,13491,07/25/2007
987,36,55,14410,07/25/2007
988,36,55,14414,07/25/2007
989,36,55,14416,07/25/2007
990,36,55,14420,07/25/2007
991,36,55,14428,07/25/2007
992,36,55,14430,07/25/2007
993,36,55,14445,07/25/2007
994,36,55,14450,07/25/2007
995,36,55,14464,07/25/2007
996,36,55,14467,07/25/2007
997,36,55,14468,07/25/2007
998,36,55,14472,07/25/2007
999,36,55,14476,07/25/2007
1000,36,55,14482,07/25/2007
1001,36,55,14502,07/25/2007
1002,36,55,14506,07/25/2007
1003,36,55,14508,07/25/2007
1004,36,55,14511,07/25/2007
1005,36,55,14514,07/25/2007
1006,36,55,14515,07/25/2007
1007,36,55,14526,07/25/2007
1008,36,55,14534,07/25/2007
1009,36,55,14543,07/25/2007
1010,36,55,14546,07/25/2007
1011,36,55,14559,07/25/2007
1012,36,55,14564,07/25/2007
1013,36,55,14580,07/25/2007
1014,36,55,14586,07/25/2007
1015,36,55,14602,07/25/2007
1016,36,55,14603,07/25/2007
1017,36,55,14604,07/25/2007
1018,36,55,14605,07/25/2007
1019,36,55,14606,07/25/2007
1020,36,55,14607,07/25/2007
1021,36,55,14608,07/25/2007
1022,36,55,14609,07/25/2007
1023,36,55,14610,07/25/2007
1024,36,55,14611,07/25/2007
1025,36,55,14612,07/25/2007
1026,36,55,14613,07/25/2007
1027,36,55,14614,07/25/2007
1028,36,55,14615,07/25/2007
1029,36,55,14616,07/25/2007
1030,36,55,14617,07/25/2007
1031,36,55,14618,07/25/2007
1032,36,55,14619,07/25/2007
1033,36,55,14620,07/25/2007
1034,36,55,14621,07/25/2007
1035,36,55,14622,07/25/2007
1036,36,55,14623,07/25/2007
1037,36,55,14624,07/25/2007
1038,36,55,14625,07/25/2007
1039,36,55,14626,07/25/2007
1040,36,55,14627,07/25/2007
1041,36,55,14638,07/25/2007
1042,36,55,14639,07/25/2007
1043,36,55,14642,07/25/2007
1044,36,55,14643,07/25/2007
1045,36,55,14644,07/25/2007
1046,36,55,14645,07/25/2007
1047,36,55,14646,07/25/2007
1048,36,55,14647,07/25/2007
1049,36,55,14649,07/25/2007
1050,36,55,14650,07/25/2007
1051,36,55,14651,07/25/2007
1052,36,55,14652,07/25/2007
1053,36,55,14653,07/25/2007
1054,36,55,14664,07/25/2007
1055,36,55,14673,07/25/2007
1056,36,55,14683,07/25/2007
1057,36,55,14692,07/25/2007
1058,36,55,14694,07/25/2007
1059,36,57,12010,07/25/2007
1060,36,57,12016,07/25/2007
1061,36,57,12066,07/25/2007
1062,36,57,12068,07/25/2007
1063,36,57,12069,07/25/2007
1064,36,57,12070,07/25/2007
1065,36,57,12072,07/25/2007
1066,36,57,12086,07/25/2007
1067,36,57,12095,07/25/2007
1068,36,57,12137,07/25/2007
1069,36,57,12160,07/25/2007
1070,36,57,12166,07/25/2007
1071,36,57,12177,07/25/2007
1072,36,57,13317,07/25/2007
1073,36,57,13320,07/25/2007
1074,36,57,13339,07/25/2007
1075,36,57,13410,07/25/2007
1076,36,57,13428,07/25/2007
1077,36,57,13452,07/25/2007
1078,36,57,13459,07/25/2007
1079,36,59,11001,07/25/2007
1080,36,59,11002,07/25/2007
1081,36,59,11003,07/25/2007
1082,36,59,11010,07/25/2007
1083,36,59,11020,07/25/2007
1084,36,59,11021,07/25/2007
1085,36,59,11022,07/25/2007
1086,36,59,11023,07/25/2007
1087,36,59,11024,07/25/2007
1088,36,59,11030,07/25/2007
1089,36,59,11040,07/25/2007
1090,36,59,11041,07/25/2007
1091,36,59,11042,07/25/2007
1092,36,59,11050,07/25/2007
1093,36,59,11051,07/25/2007
1094,36,59,11052,07/25/2007
1095,36,59,11053,07/25/2007
1096,36,59,11054,07/25/2007
1097,36,59,11055,07/25/2007
1098,36,59,11096,07/25/2007
1099,36,59,11501,07/25/2007
1100,36,59,11507,07/25/2007
1101,36,59,11509,07/25/2007
1102,36,59,11510,07/25/2007
1103,36,59,11514,07/25/2007
1104,36,59,11516,07/25/2007
1105,36,59,11518,07/25/2007
1106,36,59,11520,07/25/2007
1107,36,59,11530,07/25/2007
1108,36,59,11531,07/25/2007
1109,36,59,11535,07/25/2007
1110,36,59,11536,07/25/2007
1111,36,59,11542,07/25/2007
1112,36,59,11545,07/25/2007
1113,36,59,11547,07/25/2007
1114,36,59,11548,07/25/2007
1115,36,59,11549,07/25/2007
1116,36,59,11550,07/25/2007
1117,36,59,11551,07/25/2007
1118,36,59,11552,07/25/2007
1119,36,59,11553,07/25/2007
1120,36,59,11554,07/25/2007
1121,36,59,11555,07/25/2007
1122,36,59,11556,07/25/2007
1123,36,59,11557,07/25/2007
1124,36,59,11558,07/25/2007
1125,36,59,11559,07/25/2007
1126,36,59,11560,07/25/2007
1127,36,59,11561,07/25/2007
1128,36,59,11563,07/25/2007
1129,36,59,11565,07/25/2007
1130,36,59,11566,07/25/2007
1131,36,59,11568,07/25/2007
1132,36,59,11569,07/25/2007
1133,36,59,11570,07/25/2007
1134,36,59,11571,07/25/2007
1135,36,59,11572,07/25/2007
1136,36,59,11575,07/25/2007
1137,36,59,11576,07/25/2007
1138,36,59,11577,07/25/2007
1139,36,59,11579,07/25/2007
1140,36,59,11580,07/25/2007
1141,36,59,11581,07/25/2007
1142,36,59,11582,07/25/2007
1143,36,59,11590,07/25/2007
1144,36,59,11592,07/25/2007
1145,36,59,11594,07/25/2007
1146,36,59,11595,07/25/2007
1147,36,59,11596,07/25/2007
1148,36,59,11597,07/25/2007
1149,36,59,11598,07/25/2007
1150,36,59,11599,07/25/2007
1151,36,59,11701,07/25/2007
1152,36,59,11702,07/25/2007
1153,36,59,11709,07/25/2007
1154,36,59,11710,07/25/2007
1155,36,59,11714,07/25/2007
1156,36,59,11724,07/25/2007
1157,36,59,11732,07/25/2007
1158,36,59,11735,07/25/2007
1159,36,59,11736,07/25/2007
1160,36,59,11743,07/25/2007
1161,36,59,11753,07/25/2007
1162,36,59,11756,07/25/2007
1163,36,59,11758,07/25/2007
1164,36,59,11762,07/25/2007
1165,36,59,11765,07/25/2007
1166,36,59,11771,07/25/2007
1167,36,59,11773,07/25/2007
1168,36,59,11774,07/25/2007
1169,36,59,11783,07/25/2007
1170,36,59,11791,07/25/2007
1171,36,59,11793,07/25/2007
1172,36,59,11797,07/25/2007
1173,36,59,11801,07/25/2007
1174,36,59,11802,07/25/2007
1175,36,59,11803,07/25/2007
1176,36,59,11804,07/25/2007
1177,36,59,11815,07/25/2007
1178,36,59,11854,07/25/2007
1179,36,59,11855,07/25/2007
1180,36,61,10001,07/25/2007
1181,36,61,10002,07/25/2007
1182,36,61,10003,07/25/2007
1183,36,61,10004,07/25/2007
1184,36,61,10005,07/25/2007
1185,36,61,10006,07/25/2007
1186,36,61,10007,07/25/2007
1187,36,61,10008,07/25/2007
1188,36,61,10009,07/25/2007
1189,36,61,10010,07/25/2007
1190,36,61,10011,07/25/2007
1191,36,61,10012,07/25/2007
1192,36,61,10013,07/25/2007
1193,36,61,10014,07/25/2007
1194,36,61,10016,07/25/2007
1195,36,61,10017,07/25/2007
1196,36,61,10018,07/25/2007
1197,36,61,10019,07/25/2007
1198,36,61,10020,07/25/2007
1199,36,61,10021,07/25/2007
1200,36,61,10022,07/25/2007
1201,36,61,10023,07/25/2007
1202,36,61,10024,07/25/2007
1203,36,61,10025,07/25/2007
1204,36,61,10026,07/25/2007
1205,36,61,10027,07/25/2007
1206,36,61,10028,07/25/2007
1207,36,61,10029,07/25/2007
1208,36,61,10030,07/25/2007
1209,36,61,10031,07/25/2007
1210,36,61,10032,07/25/2007
1211,36,61,10033,07/25/2007
1212,36,61,10034,07/25/2007
1213,36,61,10035,07/25/2007
1214,36,61,10036,07/25/2007
1215,36,61,10037,07/25/2007
1216,36,61,10038,07/25/2007
1217,36,61,10039,07/25/2007
1218,36,61,10040,07/25/2007
1219,36,61,10041,07/25/2007
1220,36,61,10043,07/25/2007
1221,36,61,10044,07/25/2007
1222,36,61,10045,07/25/2007
1223,36,61,10047,07/25/2007
1224,36,61,10048,07/25/2007
1225,36,61,10055,07/25/2007
1226,36,61,10065,07/25/2007
1227,36,61,10069,07/25/2007
1228,36,61,10072,07/25/2007
1229,36,61,10075,07/25/2007
1230,36,61,10080,07/25/2007
1231,36,61,10081,07/25/2007
1232,36,61,10082,07/25/2007
1233,36,61,10087,07/25/2007
1234,36,61,10101,07/25/2007
1235,36,61,10102,07/25/2007
1236,36,61,10103,07/25/2007
1237,36,61,10104,07/25/2007
1238,36,61,10105,07/25/2007
1239,36,61,10106,07/25/2007
1240,36,61,10107,07/25/2007
1241,36,61,10108,07/25/2007
1242,36,61,10109,07/25/2007
1243,36,61,10110,07/25/2007
1244,36,61,10111,07/25/2007
1245,36,61,10112,07/25/2007
1246,36,61,10113,07/25/2007
1247,36,61,10114,07/25/2007
1248,36,61,10115,07/25/2007
1249,36,61,10116,07/25/2007
1250,36,61,10117,07/25/2007
1251,36,61,10118,07/25/2007
1252,36,61,10119,07/25/2007
1253,36,61,10120,07/25/2007
1254,36,61,10121,07/25/2007
1255,36,61,10122,07/25/2007
1256,36,61,10123,07/25/2007
1257,36,61,10124,07/25/2007
1258,36,61,10125,07/25/2007
1259,36,61,10126,07/25/2007
1260,36,61,10128,07/25/2007
1261,36,61,10129,07/25/2007
1262,36,61,10130,07/25/2007
1263,36,61,10131,07/25/2007
1264,36,61,10132,07/25/2007
1265,36,61,10133,07/25/2007
1266,36,61,10138,07/25/2007
1267,36,61,10149,07/25/2007
1268,36,61,10150,07/25/2007
1269,36,61,10151,07/25/2007
1270,36,61,10152,07/25/2007
1271,36,61,10153,07/25/2007
1272,36,61,10154,07/25/2007
1273,36,61,10155,07/25/2007
1274,36,61,10156,07/25/2007
1275,36,61,10157,07/25/2007
1276,36,61,10158,07/25/2007
1277,36,61,10159,07/25/2007
1278,36,61,10160,07/25/2007
1279,36,61,10161,07/25/2007
1280,36,61,10162,07/25/2007
1281,36,61,10163,07/25/2007
1282,36,61,10164,07/25/2007
1283,36,61,10165,07/25/2007
1284,36,61,10166,07/25/2007
1285,36,61,10167,07/25/2007
1286,36,61,10168,07/25/2007
1287,36,61,10169,07/25/2007
1288,36,61,10170,07/25/2007
1289,36,61,10171,07/25/2007
1290,36,61,10172,07/25/2007
1291,36,61,10173,07/25/2007
1292,36,61,10174,07/25/2007
1293,36,61,10175,07/25/2007
1294,36,61,10176,07/25/2007
1295,36,61,10177,07/25/2007
1296,36,61,10178,07/25/2007
1297,36,61,10179,07/25/2007
1298,36,61,10185,07/25/2007
1299,36,61,10197,07/25/2007
1300,36,61,10199,07/25/2007
1301,36,61,10213,07/25/2007
1302,36,61,10242,07/25/2007
1303,36,61,10249,07/25/2007
1304,36,61,10256,07/25/2007
1305,36,61,10259,07/25/2007
1306,36,61,10260,07/25/2007
1307,36,61,10261,07/25/2007
1308,36,61,10265,07/25/2007
1309,36,61,10268,07/25/2007
1310,36,61,10269,07/25/2007
1311,36,61,10270,07/25/2007
1312,36,61,10271,07/25/2007
1313,36,61,10272,07/25/2007
1314,36,61,10273,07/25/2007
1315,36,61,10274,07/25/2007
1316,36,61,10275,07/25/2007
1317,36,61,10276,07/25/2007
1318,36,61,10277,07/25/2007
1319,36,61,10278,07/25/2007
1320,36,61,10279,07/25/2007
1321,36,61,10280,07/25/2007
1322,36,61,10281,07/25/2007
1323,36,61,10282,07/25/2007
1324,36,61,10285,07/25/2007
1325,36,61,10286,07/25/2007
1326,36,61,10292,07/25/2007
1327,36,61,10463,07/25/2007
1328,36,61,11201,07/25/2007
1329,36,63,14001,07/25/2007
1330,36,63,14008,07/25/2007
1331,36,63,14012,07/25/2007
1332,36,63,14028,07/25/2007
1333,36,63,14032,07/25/2007
1334,36,63,14067,07/25/2007
1335,36,63,14092,07/25/2007
1336,36,63,14094,07/25/2007
1337,36,63,14095,07/25/2007
1338,36,63,14105,07/25/2007
1339,36,63,14107,07/25/2007
1340,36,63,14108,07/25/2007
1341,36,63,14109,07/25/2007
1342,36,63,14120,07/25/2007
1343,36,63,14126,07/25/2007
1344,36,63,14131,07/25/2007
1345,36,63,14132,07/25/2007
1346,36,63,14144,07/25/2007
1347,36,63,14172,07/25/2007
1348,36,63,14174,07/25/2007
1349,36,63,14301,07/25/2007
1350,36,63,14302,07/25/2007
1351,36,63,14303,07/25/2007
1352,36,63,14304,07/25/2007
1353,36,63,14305,07/25/2007
1354,36,65,13032,07/25/2007
1355,36,65,13042,07/25/2007
1356,36,65,13054,07/25/2007
1357,36,65,13123,07/25/2007
1358,36,65,13157,07/25/2007
1359,36,65,13162,07/25/2007
1360,36,65,13301,07/25/2007
1361,36,65,13303,07/25/2007
1362,36,65,13304,07/25/2007
1363,36,65,13308,07/25/2007
1364,36,65,13309,07/25/2007
1365,36,65,13313,07/25/2007
1366,36,65,13316,07/25/2007
1367,36,65,13318,07/25/2007
1368,36,65,13319,07/25/2007
1369,36,65,13321,07/25/2007
1370,36,65,13322,07/25/2007
1371,36,65,13323,07/25/2007
1372,36,65,13328,07/25/2007
1373,36,65,13338,07/25/2007
1374,36,65,13340,07/25/2007
1375,36,65,13341,07/25/2007
1376,36,65,13352,07/25/2007
1377,36,65,13354,07/25/2007
1378,36,65,13362,07/25/2007
1379,36,65,13363,07/25/2007
1380,36,65,13401,07/25/2007
1381,36,65,13402,07/25/2007
1382,36,65,13403,07/25/2007
1383,36,65,13409,07/25/2007
1384,36,65,13413,07/25/2007
1385,36,65,13417,07/25/2007
1386,36,65,13421,07/25/2007
1387,36,65,13424,07/25/2007
1388,36,65,13425,07/25/2007
1389,36,65,13431,07/25/2007
1390,36,65,13435,07/25/2007
1391,36,65,13438,07/25/2007
1392,36,65,13440,07/25/2007
1393,36,65,13441,07/25/2007
1394,36,65,13442,07/25/2007
1395,36,65,13455,07/25/2007
1396,36,65,13456,07/25/2007
1397,36,65,13461,07/25/2007
1398,36,65,13469,07/25/2007
1399,36,65,13471,07/25/2007
1400,36,65,13476,07/25/2007
1401,36,65,13477,07/25/2007
1402,36,65,13478,07/25/2007
1403,36,65,13479,07/25/2007
1404,36,65,13480,07/25/2007
1405,36,65,13483,07/25/2007
1406,36,65,13486,07/25/2007
1407,36,65,13490,07/25/2007
1408,36,65,13492,07/25/2007
1409,36,65,13494,07/25/2007
1410,36,65,13495,07/25/2007
1411,36,65,13501,07/25/2007
1412,36,65,13502,07/25/2007
1413,36,65,13503,07/25/2007
1414,36,65,13504,07/25/2007
1415,36,65,13505,07/25/2007
1416,36,65,13599,07/25/2007
1417,36,67,13020,07/25/2007
1418,36,67,13027,07/25/2007
1419,36,67,13029,07/25/2007
1420,36,67,13030,07/25/2007
1421,36,67,13031,07/25/2007
1422,36,67,13035,07/25/2007
1423,36,67,13036,07/25/2007
1424,36,67,13037,07/25/2007
1425,36,67,13039,07/25/2007
1426,36,67,13041,07/25/2007
1427,36,67,13051,07/25/2007
1428,36,67,13057,07/25/2007
1429,36,67,13060,07/25/2007
1430,36,67,13063,07/25/2007
1431,36,67,13066,07/25/2007
1432,36,67,13069,07/25/2007
1433,36,67,13077,07/25/2007
1434,36,67,13078,07/25/2007
1435,36,67,13080,07/25/2007
1436,36,67,13082,07/25/2007
1437,36,67,13084,07/25/2007
1438,36,67,13088,07/25/2007
1439,36,67,13089,07/25/2007
1440,36,67,13090,07/25/2007
1441,36,67,13104,07/25/2007
1442,36,67,13108,07/25/2007
1443,36,67,13110,07/25/2007
1444,36,67,13112,07/25/2007
1445,36,67,13116,07/25/2007
1446,36,67,13119,07/25/2007
1447,36,67,13120,07/25/2007
1448,36,67,13122,07/25/2007
1449,36,67,13135,07/25/2007
1450,36,67,13137,07/25/2007
1451,36,67,13138,07/25/2007
1452,36,67,13141,07/25/2007
1453,36,67,13152,07/25/2007
1454,36,67,13153,07/25/2007
1455,36,67,13158,07/25/2007
1456,36,67,13159,07/25/2007
1457,36,67,13164,07/25/2007
1458,36,67,13166,07/25/2007
1459,36,67,13201,07/25/2007
1460,36,67,13202,07/25/2007
1461,36,67,13203,07/25/2007
1462,36,67,13204,07/25/2007
1463,36,67,13205,07/25/2007
1464,36,67,13206,07/25/2007
1465,36,67,13207,07/25/2007
1466,36,67,13208,07/25/2007
1467,36,67,13209,07/25/2007
1468,36,67,13210,07/25/2007
1469,36,67,13211,07/25/2007
1470,36,67,13212,07/25/2007
1471,36,67,13214,07/25/2007
1472,36,67,13215,07/25/2007
1473,36,67,13217,07/25/2007
1474,36,67,13218,07/25/2007
1475,36,67,13219,07/25/2007
1476,36,67,13220,07/25/2007
1477,36,67,13221,07/25/2007
1478,36,67,13224,07/25/2007
1479,36,67,13225,07/25/2007
1480,36,67,13235,07/25/2007
1481,36,67,13244,07/25/2007
1482,36,67,13250,07/25/2007
1483,36,67,13251,07/25/2007
1484,36,67,13252,07/25/2007
1485,36,67,13261,07/25/2007
1486,36,67,13290,07/25/2007
1487,36,69,14424,07/25/2007
1488,36,69,14425,07/25/2007
1489,36,69,14432,07/25/2007
1490,36,69,14443,07/25/2007
1491,36,69,14453,07/25/2007
1492,36,69,14456,07/25/2007
1493,36,69,14461,07/25/2007
1494,36,69,14463,07/25/2007
1495,36,69,14466,07/25/2007
1496,36,69,14469,07/25/2007
1497,36,69,14471,07/25/2007
1498,36,69,14472,07/25/2007
1499,36,69,14475,07/25/2007
1500,36,69,14485,07/25/2007
1501,36,69,14487,07/25/2007
1502,36,69,14489,07/25/2007
1503,36,69,14504,07/25/2007
1504,36,69,14512,07/25/2007
1505,36,69,14513,07/25/2007
1506,36,69,14518,07/25/2007
1507,36,69,14522,07/25/2007
1508,36,69,14532,07/25/2007
1509,36,69,14534,07/25/2007
1510,36,69,14537,07/25/2007
1511,36,69,14544,07/25/2007
1512,36,69,14547,07/25/2007
1513,36,69,14548,07/25/2007
1514,36,69,14560,07/25/2007
1515,36,69,14561,07/25/2007
1516,36,69,14564,07/25/2007
1517,36,69,14585,07/25/2007
1518,36,71,10910,07/25/2007
1519,36,71,10912,07/25/2007
1520,36,71,10914,07/25/2007
1521,36,71,10915,07/25/2007
1522,36,71,10916,07/25/2007
1523,36,71,10917,07/25/2007
1524,36,71,10918,07/25/2007
1525,36,71,10919,07/25/2007
1526,36,71,10921,07/25/2007
1527,36,71,10922,07/25/2007
1528,36,71,10924,07/25/2007
1529,36,71,10925,07/25/2007
1530,36,71,10926,07/25/2007
1531,36,71,10928,07/25/2007
1532,36,71,10930,07/25/2007
1533,36,71,10932,07/25/2007
1534,36,71,10933,07/25/2007
1535,36,71,10940,07/25/2007
1536,36,71,10941,07/25/2007
1537,36,71,10943,07/25/2007
1538,36,71,10949,07/25/2007
1539,36,71,10950,07/25/2007
1540,36,71,10953,07/25/2007
1541,36,71,10958,07/25/2007
1542,36,71,10959,07/25/2007
1543,36,71,10963,07/25/2007
1544,36,71,10969,07/25/2007
1545,36,71,10973,07/25/2007
1546,36,71,10974,07/25/2007
1547,36,71,10975,07/25/2007
1548,36,71,10979,07/25/2007
1549,36,71,10981,07/25/2007
1550,36,71,10985,07/25/2007
1551,36,71,10987,07/25/2007
1552,36,71,10988,07/25/2007
1553,36,71,10990,07/25/2007
1554,36,71,10992,07/25/2007
1555,36,71,10996,07/25/2007
1556,36,71,10997,07/25/2007
1557,36,71,10998,07/25/2007
1558,36,71,12518,07/25/2007
1559,36,71,12520,07/25/2007
1560,36,71,12542,07/25/2007
1561,36,71,12543,07/25/2007
1562,36,71,12549,07/25/2007
1563,36,71,12550,07/25/2007
1564,36,71,12551,07/25/2007
1565,36,71,12552,07/25/2007
1566,36,71,12553,07/25/2007
1567,36,71,12555,07/25/2007
1568,36,71,12566,07/25/2007
1569,36,71,12575,07/25/2007
1570,36,71,12577,07/25/2007
1571,36,71,12584,07/25/2007
1572,36,71,12586,07/25/2007
1573,36,71,12589,07/25/2007
1574,36,71,12721,07/25/2007
1575,36,71,12729,07/25/2007
1576,36,71,12746,07/25/2007
1577,36,71,12771,07/25/2007
1578,36,71,12780,07/25/2007
1579,36,71,12785,07/25/2007
1580,36,73,14058,07/25/2007
1581,36,73,14098,07/25/2007
1582,36,73,14103,07/25/2007
1583,36,73,14105,07/25/2007
1584,36,73,14125,07/25/2007
1585,36,73,14411,07/25/2007
1586,36,73,14416,07/25/2007
1587,36,73,14420,07/25/2007
1588,36,73,14422,07/25/2007
1589,36,73,14429,07/25/2007
1590,36,73,14452,07/25/2007
1591,36,73,14470,07/25/2007
1592,36,73,14476,07/25/2007
1593,36,73,14477,07/25/2007
1594,36,73,14479,07/25/2007
1595,36,73,14571,07/25/2007
1596,36,75,13028,07/25/2007
1597,36,75,13036,07/25/2007
1598,36,75,13042,07/25/2007
1599,36,75,13044,07/25/2007
1600,36,75,13069,07/25/2007
1601,36,75,13074,07/25/2007
1602,36,75,13076,07/25/2007
1603,36,75,13083,07/25/2007
1604,36,75,13093,07/25/2007
1605,36,75,13103,07/25/2007
1606,36,75,13107,07/25/2007
1607,36,75,13111,07/25/2007
1608,36,75,13114,07/25/2007
1609,36,75,13115,07/25/2007
1610,36,75,13121,07/25/2007
1611,36,75,13126,07/25/2007
1612,36,75,13131,07/25/2007
1613,36,75,13132,07/25/2007
1614,36,75,13135,07/25/2007
1615,36,75,13142,07/25/2007
1616,36,75,13144,07/25/2007
1617,36,75,13145,07/25/2007
1618,36,75,13167,07/25/2007
1619,36,75,13302,07/25/2007
1620,36,75,13316,07/25/2007
1621,36,75,13426,07/25/2007
1622,36,75,13437,07/25/2007
1623,36,75,13483,07/25/2007
1624,36,75,13493,07/25/2007
1625,36,75,13661,07/25/2007
1626,36,77,12036,07/25/2007
1627,36,77,12043,07/25/2007
1628,36,77,12064,07/25/2007
1629,36,77,12116,07/25/2007
1630,36,77,12149,07/25/2007
1631,36,77,12155,07/25/2007
1632,36,77,12197,07/25/2007
1633,36,77,13315,07/25/2007
1634,36,77,13317,07/25/2007
1635,36,77,13320,07/25/2007
1636,36,77,13326,07/25/2007
1637,36,77,13333,07/25/2007
1638,36,77,13335,07/25/2007
1639,36,77,13337,07/25/2007
1640,36,77,13342,07/25/2007
1641,36,77,13348,07/25/2007
1642,36,77,13361,07/25/2007
1643,36,77,13411,07/25/2007
1644,36,77,13415,07/25/2007
1645,36,77,13439,07/25/2007
1646,36,77,13450,07/25/2007
1647,36,77,13457,07/25/2007
1648,36,77,13468,07/25/2007
1649,36,77,13482,07/25/2007
1650,36,77,13485,07/25/2007
1651,36,77,13488,07/25/2007
1652,36,77,13491,07/25/2007
1653,36,77,13733,07/25/2007
1654,36,77,13747,07/25/2007
1655,36,77,13750,07/25/2007
1656,36,77,13776,07/25/2007
1657,36,77,13796,07/25/2007
1658,36,77,13807,07/25/2007
1659,36,77,13808,07/25/2007
1660,36,77,13809,07/25/2007
1661,36,77,13810,07/25/2007
1662,36,77,13820,07/25/2007
1663,36,77,13825,07/25/2007
1664,36,77,13834,07/25/2007
1665,36,77,13838,07/25/2007
1666,36,77,13843,07/25/2007
1667,36,77,13849,07/25/2007
1668,36,77,13859,07/25/2007
1669,36,77,13861,07/25/2007
1670,36,79,10509,07/25/2007
1671,36,79,10512,07/25/2007
1672,36,79,10516,07/25/2007
1673,36,79,10524,07/25/2007
1674,36,79,10537,07/25/2007
1675,36,79,10541,07/25/2007
1676,36,79,10542,07/25/2007
1677,36,79,10560,07/25/2007
1678,36,79,10579,07/25/2007
1679,36,79,12524,07/25/2007
1680,36,79,12531,07/25/2007
1681,36,79,12533,07/25/2007
1682,36,79,12563,07/25/2007
1683,36,79,12564,07/25/2007
1684,36,79,12582,07/25/2007
1685,36,81,11001,07/25/2007
1686,36,81,11004,07/25/2007
1687,36,81,11005,07/25/2007
1688,36,81,11040,07/25/2007
1689,36,81,11096,07/25/2007
1690,36,81,11101,07/25/2007
1691,36,81,11102,07/25/2007
1692,36,81,11103,07/25/2007
1693,36,81,11104,07/25/2007
1694,36,81,11105,07/25/2007
1695,36,81,11106,07/25/2007
1696,36,81,11109,07/25/2007
1697,36,81,11239,07/25/2007
1698,36,81,11351,07/25/2007
1699,36,81,11352,07/25/2007
1700,36,81,11354,07/25/2007
1701,36,81,11355,07/25/2007
1702,36,81,11356,07/25/2007
1703,36,81,11357,07/25/2007
1704,36,81,11358,07/25/2007
1705,36,81,11359,07/25/2007
1706,36,81,11360,07/25/2007
1707,36,81,11361,07/25/2007
1708,36,81,11362,07/25/2007
1709,36,81,11363,07/25/2007
1710,36,81,11364,07/25/2007
1711,36,81,11365,07/25/2007
1712,36,81,11366,07/25/2007
1713,36,81,11367,07/25/2007
1714,36,81,11368,07/25/2007
1715,36,81,11369,07/25/2007
1716,36,81,11370,07/25/2007
1717,36,81,11371,07/25/2007
1718,36,81,11372,07/25/2007
1719,36,81,11373,07/25/2007
1720,36,81,11374,07/25/2007
1721,36,81,11375,07/25/2007
1722,36,81,11377,07/25/2007
1723,36,81,11378,07/25/2007
1724,36,81,11379,07/25/2007
1725,36,81,11380,07/25/2007
1726,36,81,11381,07/25/2007
1727,36,81,11385,07/25/2007
1728,36,81,11386,07/25/2007
1729,36,81,11405,07/25/2007
1730,36,81,11411,07/25/2007
1731,36,81,11412,07/25/2007
1732,36,81,11413,07/25/2007
1733,36,81,11414,07/25/2007
1734,36,81,11415,07/25/2007
1735,36,81,11416,07/25/2007
1736,36,81,11417,07/25/2007
1737,36,81,11418,07/25/2007
1738,36,81,11419,07/25/2007
1739,36,81,11420,07/25/2007
1740,36,81,11421,07/25/2007
1741,36,81,11422,07/25/2007
1742,36,81,11423,07/25/2007
1743,36,81,11424,07/25/2007
1744,36,81,11425,07/25/2007
1745,36,81,11426,07/25/2007
1746,36,81,11427,07/25/2007
1747,36,81,11428,07/25/2007
1748,36,81,11429,07/25/2007
1749,36,81,11430,07/25/2007
1750,36,81,11431,07/25/2007
1751,36,81,11432,07/25/2007
1752,36,81,11433,07/25/2007
1753,36,81,11434,07/25/2007
1754,36,81,11435,07/25/2007
1755,36,81,11436,07/25/2007
1756,36,81,11439,07/25/2007
1757,36,81,11451,07/25/2007
1758,36,81,11499,07/25/2007
1759,36,81,11559,07/25/2007
1760,36,81,11580,07/25/2007
1761,36,81,11690,07/25/2007
1762,36,81,11691,07/25/2007
1763,36,81,11692,07/25/2007
1764,36,81,11693,07/25/2007
1765,36,81,11694,07/25/2007
1766,36,81,11695,07/25/2007
1767,36,81,11697,07/25/2007
1768,36,83,12018,07/25/2007
1769,36,83,12022,07/25/2007
1770,36,83,12028,07/25/2007
1771,36,83,12033,07/25/2007
1772,36,83,12040,07/25/2007
1773,36,83,12052,07/25/2007
1774,36,83,12057,07/25/2007
1775,36,83,12061,07/25/2007
1776,36,83,12062,07/25/2007
1777,36,83,12063,07/25/2007
1778,36,83,12082,07/25/2007
1779,36,83,12089,07/25/2007
1780,36,83,12090,07/25/2007
1781,36,83,12094,07/25/2007
1782,36,83,12118,07/25/2007
1783,36,83,12121,07/25/2007
1784,36,83,12123,07/25/2007
1785,36,83,12133,07/25/2007
1786,36,83,12138,07/25/2007
1787,36,83,12140,07/25/2007
1788,36,83,12144,07/25/2007
1789,36,83,12153,07/25/2007
1790,36,83,12154,07/25/2007
1791,36,83,12156,07/25/2007
1792,36,83,12168,07/25/2007
1793,36,83,12169,07/25/2007
1794,36,83,12180,07/25/2007
1795,36,83,12181,07/25/2007
1796,36,83,12182,07/25/2007
1797,36,83,12184,07/25/2007
1798,36,83,12185,07/25/2007
1799,36,83,12196,07/25/2007
1800,36,83,12198,07/25/2007
1801,36,85,10301,07/25/2007
1802,36,85,10302,07/25/2007
1803,36,85,10303,07/25/2007
1804,36,85,10304,07/25/2007
1805,36,85,10305,07/25/2007
1806,36,85,10306,07/25/2007
1807,36,85,10307,07/25/2007
1808,36,85,10308,07/25/2007
1809,36,85,10309,07/25/2007
1810,36,85,10310,07/25/2007
1811,36,85,10311,07/25/2007
1812,36,85,10312,07/25/2007
1813,36,85,10313,07/25/2007
1814,36,85,10314,07/25/2007
1815,36,87,10901,07/25/2007
1816,36,87,10911,07/25/2007
1817,36,87,10913,07/25/2007
1818,36,87,10920,07/25/2007
1819,36,87,10923,07/25/2007
1820,36,87,10927,07/25/2007
1821,36,87,10931,07/25/2007
1822,36,87,10952,07/25/2007
1823,36,87,10954,07/25/2007
1824,36,87,10956,07/25/2007
1825,36,87,10960,07/25/2007
1826,36,87,10962,07/25/2007
1827,36,87,10964,07/25/2007
1828,36,87,10965,07/25/2007
1829,36,87,10968,07/25/2007
1830,36,87,10970,07/25/2007
1831,36,87,10974,07/25/2007
1832,36,87,10976,07/25/2007
1833,36,87,10977,07/25/2007
1834,36,87,10980,07/25/2007
1835,36,87,10982,07/25/2007
1836,36,87,10983,07/25/2007
1837,36,87,10984,07/25/2007
1838,36,87,10986,07/25/2007
1839,36,87,10987,07/25/2007
1840,36,87,10989,07/25/2007
1841,36,87,10993,07/25/2007
1842,36,87,10994,07/25/2007
1843,36,91,12010,07/25/2007
1844,36,91,12019,07/25/2007
1845,36,91,12020,07/25/2007
1846,36,91,12025,07/25/2007
1847,36,91,12027,07/25/2007
1848,36,91,12065,07/25/2007
1849,36,91,12074,07/25/2007
1850,36,91,12086,07/25/2007
1851,36,91,12118,07/25/2007
1852,36,91,12134,07/25/2007
1853,36,91,12148,07/25/2007
1854,36,91,12151,07/25/2007
1855,36,91,12170,07/25/2007
1856,36,91,12188,07/25/2007
1857,36,91,12302,07/25/2007
1858,36,91,12803,07/25/2007
1859,36,91,12822,07/25/2007
1860,36,91,12828,07/25/2007
1861,36,91,12831,07/25/2007
1862,36,91,12833,07/25/2007
1863,36,91,12835,07/25/2007
1864,36,91,12850,07/25/2007
1865,36,91,12859,07/25/2007
1866,36,91,12863,07/25/2007
1867,36,91,12866,07/25/2007
1868,36,91,12871,07/25/2007
1869,36,91,12884,07/25/2007
1870,36,93,12008,07/25/2007
1871,36,93,12009,07/25/2007
1872,36,93,12019,07/25/2007
1873,36,93,12027,07/25/2007
1874,36,93,12053,07/25/2007
1875,36,93,12056,07/25/2007
1876,36,93,12066,07/25/2007
1877,36,93,12137,07/25/2007
1878,36,93,12141,07/25/2007
1879,36,93,12150,07/25/2007
1880,36,93,12157,07/25/2007
1881,36,93,12301,07/25/2007
1882,36,93,12302,07/25/2007
1883,36,93,12303,07/25/2007
1884,36,93,12304,07/25/2007
1885,36,93,12305,07/25/2007
1886,36,93,12306,07/25/2007
1887,36,93,12307,07/25/2007
1888,36,93,12308,07/25/2007
1889,36,93,12309,07/25/2007
1890,36,93,12325,07/25/2007
1891,36,93,12345,07/25/2007
1892,36,95,12023,07/25/2007
1893,36,95,12031,07/25/2007
1894,36,95,12035,07/25/2007
1895,36,95,12036,07/25/2007
1896,36,95,12043,07/25/2007
1897,36,95,12053,07/25/2007
1898,36,95,12064,07/25/2007
1899,36,95,12066,07/25/2007
1900,36,95,12071,07/25/2007
1901,36,95,12073,07/25/2007
1902,36,95,12076,07/25/2007
1903,36,95,12092,07/25/2007
1904,36,95,12093,07/25/2007
1905,36,95,12122,07/25/2007
1906,36,95,12131,07/25/2007
1907,36,95,12149,07/25/2007
1908,36,95,12157,07/25/2007
1909,36,95,12160,07/25/2007
1910,36,95,12166,07/25/2007
1911,36,95,12167,07/25/2007
1912,36,95,12175,07/25/2007
1913,36,95,12187,07/25/2007
1914,36,95,12194,07/25/2007
1915,36,95,12469,07/25/2007
1916,36,95,13320,07/25/2007
1917,36,95,13459,07/25/2007
1918,36,97,14805,07/25/2007
1919,36,97,14812,07/25/2007
1920,36,97,14815,07/25/2007
1921,36,97,14818,07/25/2007
1922,36,97,14824,07/25/2007
1923,36,97,14837,07/25/2007
1924,36,97,14838,07/25/2007
1925,36,97,14840,07/25/2007
1926,36,97,14841,07/25/2007
1927,36,97,14845,07/25/2007
1928,36,97,14863,07/25/2007
1929,36,97,14864,07/25/2007
1930,36,97,14865,07/25/2007
1931,36,97,14869,07/25/2007
1932,36,97,14870,07/25/2007
1933,36,97,14876,07/25/2007
1934,36,97,14878,07/25/2007
1935,36,97,14886,07/25/2007
1936,36,97,14887,07/25/2007
1937,36,97,14889,07/25/2007
1938,36,97,14891,07/25/2007
1939,36,97,14893,07/25/2007
1940,36,99,13065,07/25/2007
1941,36,99,13146,07/25/2007
1942,36,99,13148,07/25/2007
1943,36,99,13165,07/25/2007
1944,36,99,14433,07/25/2007
1945,36,99,14456,07/25/2007
1946,36,99,14489,07/25/2007
1947,36,99,14521,07/25/2007
1948,36,99,14532,07/25/2007
1949,36,99,14541,07/25/2007
1950,36,99,14588,07/25/2007
1951,36,99,14841,07/25/2007
1952,36,99,14847,07/25/2007
1953,36,99,14860,07/25/2007
1954,36,99,14886,07/25/2007
1955,36,101,14418,07/25/2007
1956,36,101,14437,07/25/2007
1957,36,101,14512,07/25/2007
1958,36,101,14529,07/25/2007
1959,36,101,14572,07/25/2007
1960,36,101,14801,07/25/2007
1961,36,101,14803,07/25/2007
1962,36,101,14806,07/25/2007
1963,36,101,14807,07/25/2007
1964,36,101,14808,07/25/2007
1965,36,101,14809,07/25/2007
1966,36,101,14810,07/25/2007
1967,36,101,14812,07/25/2007
1968,36,101,14814,07/25/2007
1969,36,101,14815,07/25/2007
1970,36,101,14819,07/25/2007
1971,36,101,14820,07/25/2007
1972,36,101,14821,07/25/2007
1973,36,101,14823,07/25/2007
1974,36,101,14826,07/25/2007
1975,36,101,14827,07/25/2007
1976,36,101,14830,07/25/2007
1977,36,101,14831,07/25/2007
1978,36,101,14837,07/25/2007
1979,36,101,14839,07/25/2007
1980,36,101,14840,07/25/2007
1981,36,101,14843,07/25/2007
1982,36,101,14855,07/25/2007
1983,36,101,14856,07/25/2007
1984,36,101,14858,07/25/2007
1985,36,101,14870,07/25/2007
1986,36,101,14871,07/25/2007
1987,36,101,14873,07/25/2007
1988,36,101,14874,07/25/2007
1989,36,101,14877,07/25/2007
1990,36,101,14879,07/25/2007
1991,36,101,14885,07/25/2007
1992,36,101,14897,07/25/2007
1993,36,101,14898,07/25/2007
1994,36,89,12914,07/25/2007
1995,36,89,12922,07/25/2007
1996,36,89,12927,07/25/2007
1997,36,89,12930,07/25/2007
1998,36,89,12949,07/25/2007
1999,36,89,12957,07/25/2007
2000,36,89,12965,07/25/2007
2001,36,89,12967,07/25/2007
2002,36,89,12973,07/25/2007
2003,36,89,12980,07/25/2007
2004,36,89,12986,07/25/2007
2005,36,89,13608,07/25/2007
2006,36,89,13613,07/25/2007
2007,36,89,13614,07/25/2007
2008,36,89,13617,07/25/2007
2009,36,89,13621,07/25/2007
2010,36,89,13623,07/25/2007
2011,36,89,13625,07/25/2007
2012,36,89,13630,07/25/2007
2013,36,89,13633,07/25/2007
2014,36,89,13635,07/25/2007
2015,36,89,13639,07/25/2007
2016,36,89,13642,07/25/2007
2017,36,89,13645,07/25/2007
2018,36,89,13646,07/25/2007
2019,36,89,13647,07/25/2007
2020,36,89,13648,07/25/2007
2021,36,89,13649,07/25/2007
2022,36,89,13652,07/25/2007
2023,36,89,13654,07/25/2007
2024,36,89,13658,07/25/2007
2025,36,89,13660,07/25/2007
2026,36,89,13662,07/25/2007
2027,36,89,13664,07/25/2007
2028,36,89,13666,07/25/2007
2029,36,89,13667,07/25/2007
2030,36,89,13668,07/25/2007
2031,36,89,13669,07/25/2007
2032,36,89,13670,07/25/2007
2033,36,89,13672,07/25/2007
2034,36,89,13676,07/25/2007
2035,36,89,13677,07/25/2007
2036,36,89,13678,07/25/2007
2037,36,89,13679,07/25/2007
2038,36,89,13680,07/25/2007
2039,36,89,13681,07/25/2007
2040,36,89,13684,07/25/2007
2041,36,89,13687,07/25/2007
2042,36,89,13690,07/25/2007
2043,36,89,13694,07/25/2007
2044,36,89,13695,07/25/2007
2045,36,89,13696,07/25/2007
2046,36,89,13697,07/25/2007
2047,36,89,13699,07/25/2007
2048,36,103,501,07/25/2007
2049,36,103,544,07/25/2007
2050,36,103,6390,07/25/2007
2051,36,103,11701,07/25/2007
2052,36,103,11702,07/25/2007
2053,36,103,11703,07/25/2007
2054,36,103,11704,07/25/2007
2055,36,103,11705,07/25/2007
2056,36,103,11706,07/25/2007
2057,36,103,11707,07/25/2007
2058,36,103,11708,07/25/2007
2059,36,103,11713,07/25/2007
2060,36,103,11715,07/25/2007
2061,36,103,11716,07/25/2007
2062,36,103,11717,07/25/2007
2063,36,103,11718,07/25/2007
2064,36,103,11719,07/25/2007
2065,36,103,11720,07/25/2007
2066,36,103,11721,07/25/2007
2067,36,103,11722,07/25/2007
2068,36,103,11724,07/25/2007
2069,36,103,11725,07/25/2007
2070,36,103,11726,07/25/2007
2071,36,103,11727,07/25/2007
2072,36,103,11729,07/25/2007
2073,36,103,11730,07/25/2007
2074,36,103,11731,07/25/2007
2075,36,103,11733,07/25/2007
2076,36,103,11735,07/25/2007
2077,36,103,11737,07/25/2007
2078,36,103,11738,07/25/2007
2079,36,103,11739,07/25/2007
2080,36,103,11740,07/25/2007
2081,36,103,11741,07/25/2007
2082,36,103,11742,07/25/2007
2083,36,103,11743,07/25/2007
2084,36,103,11746,07/25/2007
2085,36,103,11747,07/25/2007
2086,36,103,11749,07/25/2007
2087,36,103,11750,07/25/2007
2088,36,103,11751,07/25/2007
2089,36,103,11752,07/25/2007
2090,36,103,11754,07/25/2007
2091,36,103,11755,07/25/2007
2092,36,103,11757,07/25/2007
2093,36,103,11758,07/25/2007
2094,36,103,11760,07/25/2007
2095,36,103,11763,07/25/2007
2096,36,103,11764,07/25/2007
2097,36,103,11766,07/25/2007
2098,36,103,11767,07/25/2007
2099,36,103,11768,07/25/2007
2100,36,103,11769,07/25/2007
2101,36,103,11770,07/25/2007
2102,36,103,11772,07/25/2007
2103,36,103,11775,07/25/2007
2104,36,103,11776,07/25/2007
2105,36,103,11777,07/25/2007
2106,36,103,11778,07/25/2007
2107,36,103,11779,07/25/2007
2108,36,103,11780,07/25/2007
2109,36,103,11782,07/25/2007
2110,36,103,11784,07/25/2007
2111,36,103,11786,07/25/2007
2112,36,103,11787,07/25/2007
2113,36,103,11788,07/25/2007
2114,36,103,11789,07/25/2007
2115,36,103,11790,07/25/2007
2116,36,103,11792,07/25/2007
2117,36,103,11794,07/25/2007
2118,36,103,11795,07/25/2007
2119,36,103,11796,07/25/2007
2120,36,103,11798,07/25/2007
2121,36,103,11901,07/25/2007
2122,36,103,11930,07/25/2007
2123,36,103,11931,07/25/2007
2124,36,103,11932,07/25/2007
2125,36,103,11933,07/25/2007
2126,36,103,11934,07/25/2007
2127,36,103,11935,07/25/2007
2128,36,103,11937,07/25/2007
2129,36,103,11939,07/25/2007
2130,36,103,11940,07/25/2007
2131,36,103,11941,07/25/2007
2132,36,103,11942,07/25/2007
2133,36,103,11944,07/25/2007
2134,36,103,11946,07/25/2007
2135,36,103,11947,07/25/2007
2136,36,103,11948,07/25/2007
2137,36,103,11949,07/25/2007
2138,36,103,11950,07/25/2007
2139,36,103,11951,07/25/2007
2140,36,103,11952,07/25/2007
2141,36,103,11953,07/25/2007
2142,36,103,11954,07/25/2007
2143,36,103,11955,07/25/2007
2144,36,103,11956,07/25/2007
2145,36,103,11957,07/25/2007
2146,36,103,11958,07/25/2007
2147,36,103,11959,07/25/2007
2148,36,103,11960,07/25/2007
2149,36,103,11961,07/25/2007
2150,36,103,11962,07/25/2007
2151,36,103,11963,07/25/2007
2152,36,103,11964,07/25/2007
2153,36,103,11965,07/25/2007
2154,36,103,11967,07/25/2007
2155,36,103,11968,07/25/2007
2156,36,103,11969,07/25/2007
2157,36,103,11970,07/25/2007
2158,36,103,11971,07/25/2007
2159,36,103,11972,07/25/2007
2160,36,103,11973,07/25/2007
2161,36,103,11975,07/25/2007
2162,36,103,11976,07/25/2007
2163,36,103,11977,07/25/2007
2164,36,103,11978,07/25/2007
2165,36,103,11980,07/25/2007
2166,36,105,10940,07/25/2007
2167,36,105,12428,07/25/2007
2168,36,105,12458,07/25/2007
2169,36,105,12566,07/25/2007
2170,36,105,12701,07/25/2007
2171,36,105,12719,07/25/2007
2172,36,105,12720,07/25/2007
2173,36,105,12721,07/25/2007
2174,36,105,12722,07/25/2007
2175,36,105,12723,07/25/2007
2176,36,105,12724,07/25/2007
2177,36,105,12725,07/25/2007
2178,36,105,12726,07/25/2007
2179,36,105,12727,07/25/2007
2180,36,105,12729,07/25/2007
2181,36,105,12732,07/25/2007
2182,36,105,12733,07/25/2007
2183,36,105,12734,07/25/2007
2184,36,105,12736,07/25/2007
2185,36,105,12737,07/25/2007
2186,36,105,12738,07/25/2007
2187,36,105,12740,07/25/2007
2188,36,105,12741,07/25/2007
2189,36,105,12742,07/25/2007
2190,36,105,12743,07/25/2007
2191,36,105,12745,07/25/2007
2192,36,105,12747,07/25/2007
2193,36,105,12748,07/25/2007
2194,36,105,12749,07/25/2007
2195,36,105,12750,07/25/2007
2196,36,105,12751,07/25/2007
2197,36,105,12752,07/25/2007
2198,36,105,12754,07/25/2007
2199,36,105,12758,07/25/2007
2200,36,105,12759,07/25/2007
2201,36,105,12760,07/25/2007
2202,36,105,12762,07/25/2007
2203,36,105,12763,07/25/2007
2204,36,105,12764,07/25/2007
2205,36,105,12765,07/25/2007
2206,36,105,12766,07/25/2007
2207,36,105,12767,07/25/2007
2208,36,105,12768,07/25/2007
2209,36,105,12769,07/25/2007
2210,36,105,12770,07/25/2007
2211,36,105,12775,07/25/2007
2212,36,105,12776,07/25/2007
2213,36,105,12777,07/25/2007
2214,36,105,12778,07/25/2007
2215,36,105,12779,07/25/2007
2216,36,105,12780,07/25/2007
2217,36,105,12781,07/25/2007
2218,36,105,12783,07/25/2007
2219,36,105,12784,07/25/2007
2220,36,105,12786,07/25/2007
2221,36,105,12787,07/25/2007
2222,36,105,12788,07/25/2007
2223,36,105,12789,07/25/2007
2224,36,105,12790,07/25/2007
2225,36,105,12791,07/25/2007
2226,36,105,12792,07/25/2007
2227,36,107,13732,07/25/2007
2228,36,107,13734,07/25/2007
2229,36,107,13736,07/25/2007
2230,36,107,13743,07/25/2007
2231,36,107,13760,07/25/2007
2232,36,107,13811,07/25/2007
2233,36,107,13812,07/25/2007
2234,36,107,13827,07/25/2007
2235,36,107,13835,07/25/2007
2236,36,107,13840,07/25/2007
2237,36,107,13845,07/25/2007
2238,36,107,13864,07/25/2007
2239,36,107,14817,07/25/2007
2240,36,107,14859,07/25/2007
2241,36,107,14883,07/25/2007
2242,36,107,14889,07/25/2007
2243,36,107,14892,07/25/2007
2244,36,109,13045,07/25/2007
2245,36,109,13053,07/25/2007
2246,36,109,13062,07/25/2007
2247,36,109,13068,07/25/2007
2248,36,109,13073,07/25/2007
2249,36,109,13092,07/25/2007
2250,36,109,13102,07/25/2007
2251,36,109,13736,07/25/2007
2252,36,109,13864,07/25/2007
2253,36,109,14817,07/25/2007
2254,36,109,14850,07/25/2007
2255,36,109,14851,07/25/2007
2256,36,109,14852,07/25/2007
2257,36,109,14853,07/25/2007
2258,36,109,14854,07/25/2007
2259,36,109,14867,07/25/2007
2260,36,109,14881,07/25/2007
2261,36,109,14882,07/25/2007
2262,36,109,14883,07/25/2007
2263,36,109,14886,07/25/2007
2264,36,111,12401,07/25/2007
2265,36,111,12402,07/25/2007
2266,36,111,12404,07/25/2007
2267,36,111,12406,07/25/2007
2268,36,111,12409,07/25/2007
2269,36,111,12410,07/25/2007
2270,36,111,12411,07/25/2007
2271,36,111,12412,07/25/2007
2272,36,111,12414,07/25/2007
2273,36,111,12416,07/25/2007
2274,36,111,12417,07/25/2007
2275,36,111,12419,07/25/2007
2276,36,111,12420,07/25/2007
2277,36,111,12428,07/25/2007
2278,36,111,12429,07/25/2007
2279,36,111,12432,07/25/2007
2280,36,111,12433,07/25/2007
2281,36,111,12435,07/25/2007
2282,36,111,12440,07/25/2007
2283,36,111,12441,07/25/2007
2284,36,111,12443,07/25/2007
2285,36,111,12446,07/25/2007
2286,36,111,12448,07/25/2007
2287,36,111,12449,07/25/2007
2288,36,111,12453,07/25/2007
2289,36,111,12456,07/25/2007
2290,36,111,12457,07/25/2007
2291,36,111,12458,07/25/2007
2292,36,111,12461,07/25/2007
2293,36,111,12463,07/25/2007
2294,36,111,12464,07/25/2007
2295,36,111,12465,07/25/2007
2296,36,111,12466,07/25/2007
2297,36,111,12471,07/25/2007
2298,36,111,12472,07/25/2007
2299,36,111,12475,07/25/2007
2300,36,111,12477,07/25/2007
2301,36,111,12480,07/25/2007
2302,36,111,12481,07/25/2007
2303,36,111,12483,07/25/2007
2304,36,111,12484,07/25/2007
2305,36,111,12486,07/25/2007
2306,36,111,12487,07/25/2007
2307,36,111,12489,07/25/2007
2308,36,111,12490,07/25/2007
2309,36,111,12491,07/25/2007
2310,36,111,12493,07/25/2007
2311,36,111,12494,07/25/2007
2312,36,111,12495,07/25/2007
2313,36,111,12498,07/25/2007
2314,36,111,12515,07/25/2007
2315,36,111,12525,07/25/2007
2316,36,111,12528,07/25/2007
2317,36,111,12542,07/25/2007
2318,36,111,12547,07/25/2007
2319,36,111,12548,07/25/2007
2320,36,111,12561,07/25/2007
2321,36,111,12566,07/25/2007
2322,36,111,12568,07/25/2007
2323,36,111,12586,07/25/2007
2324,36,111,12588,07/25/2007
2325,36,111,12589,07/25/2007
2326,36,111,12725,07/25/2007
2327,36,111,12740,07/25/2007
2328,36,111,12758,07/25/2007
2329,36,111,12763,07/25/2007
2330,36,113,12801,07/25/2007
2331,36,113,12804,07/25/2007
2332,36,113,12808,07/25/2007
2333,36,113,12810,07/25/2007
2334,36,113,12811,07/25/2007
2335,36,113,12814,07/25/2007
2336,36,113,12815,07/25/2007
2337,36,113,12817,07/25/2007
2338,36,113,12820,07/25/2007
2339,36,113,12824,07/25/2007
2340,36,113,12835,07/25/2007
2341,36,113,12836,07/25/2007
2342,36,113,12839,07/25/2007
2343,36,113,12843,07/25/2007
2344,36,113,12844,07/25/2007
2345,36,113,12845,07/25/2007
2346,36,113,12846,07/25/2007
2347,36,113,12853,07/25/2007
2348,36,113,12856,07/25/2007
2349,36,113,12857,07/25/2007
2350,36,113,12860,07/25/2007
2351,36,113,12862,07/25/2007
2352,36,113,12870,07/25/2007
2353,36,113,12874,07/25/2007
2354,36,113,12878,07/25/2007
2355,36,113,12885,07/25/2007
2356,36,113,12886,07/25/2007
2357,36,115,12028,07/25/2007
2358,36,115,12057,07/25/2007
2359,36,115,12154,07/25/2007
2360,36,115,12185,07/25/2007
2361,36,115,12804,07/25/2007
2362,36,115,12809,07/25/2007
2363,36,115,12816,07/25/2007
2364,36,115,12819,07/25/2007
2365,36,115,12821,07/25/2007
2366,36,115,12823,07/25/2007
2367,36,115,12827,07/25/2007
2368,36,115,12828,07/25/2007
2369,36,115,12832,07/25/2007
2370,36,115,12834,07/25/2007
2371,36,115,12837,07/25/2007
2372,36,115,12838,07/25/2007
2373,36,115,12839,07/25/2007
2374,36,115,12841,07/25/2007
2375,36,115,12844,07/25/2007
2376,36,115,12848,07/25/2007
2377,36,115,12849,07/25/2007
2378,36,115,12854,07/25/2007
2379,36,115,12861,07/25/2007
2380,36,115,12865,07/25/2007
2381,36,115,12873,07/25/2007
2382,36,115,12883,07/25/2007
2383,36,115,12887,07/25/2007
2384,36,117,13143,07/25/2007
2385,36,117,13146,07/25/2007
2386,36,117,13148,07/25/2007
2387,36,117,13154,07/25/2007
2388,36,117,13156,07/25/2007
2389,36,117,14413,07/25/2007
2390,36,117,14432,07/25/2007
2391,36,117,14433,07/25/2007
2392,36,117,14449,07/25/2007
2393,36,117,14450,07/25/2007
2394,36,117,14489,07/25/2007
2395,36,117,14502,07/25/2007
2396,36,117,14505,07/25/2007
2397,36,117,14513,07/25/2007
2398,36,117,14516,07/25/2007
2399,36,117,14519,07/25/2007
2400,36,117,14520,07/25/2007
2401,36,117,14522,07/25/2007
2402,36,117,14538,07/25/2007
2403,36,117,14542,07/25/2007
2404,36,117,14551,07/25/2007
2405,36,117,14555,07/25/2007
2406,36,117,14563,07/25/2007
2407,36,117,14564,07/25/2007
2408,36,117,14568,07/25/2007
2409,36,117,14580,07/25/2007
2410,36,117,14589,07/25/2007
2411,36,117,14590,07/25/2007
2412,36,119,10470,07/25/2007
2413,36,119,10501,07/25/2007
2414,36,119,10502,07/25/2007
2415,36,119,10503,07/25/2007
2416,36,119,10504,07/25/2007
2417,36,119,10505,07/25/2007
2418,36,119,10506,07/25/2007
2419,36,119,10507,07/25/2007
2420,36,119,10509,07/25/2007
2421,36,119,10510,07/25/2007
2422,36,119,10511,07/25/2007
2423,36,119,10514,07/25/2007
2424,36,119,10517,07/25/2007
2425,36,119,10518,07/25/2007
2426,36,119,10519,07/25/2007
2427,36,119,10520,07/25/2007
2428,36,119,10521,07/25/2007
2429,36,119,10522,07/25/2007
2430,36,119,10523,07/25/2007
2431,36,119,10524,07/25/2007
2432,36,119,10526,07/25/2007
2433,36,119,10527,07/25/2007
2434,36,119,10528,07/25/2007
2435,36,119,10530,07/25/2007
2436,36,119,10532,07/25/2007
2437,36,119,10533,07/25/2007
2438,36,119,10535,07/25/2007
2439,36,119,10536,07/25/2007
2440,36,119,10537,07/25/2007
2441,36,119,10538,07/25/2007
2442,36,119,10540,07/25/2007
2443,36,119,10541,07/25/2007
2444,36,119,10543,07/25/2007
2445,36,119,10545,07/25/2007
2446,36,119,10546,07/25/2007
2447,36,119,10547,07/25/2007
2448,36,119,10548,07/25/2007
2449,36,119,10549,07/25/2007
2450,36,119,10550,07/25/2007
2451,36,119,10551,07/25/2007
2452,36,119,10552,07/25/2007
2453,36,119,10553,07/25/2007
2454,36,119,10557,07/25/2007
2455,36,119,10558,07/25/2007
2456,36,119,10560,07/25/2007
2457,36,119,10562,07/25/2007
2458,36,119,10566,07/25/2007
2459,36,119,10567,07/25/2007
2460,36,119,10570,07/25/2007
2461,36,119,10571,07/25/2007
2462,36,119,10572,07/25/2007
2463,36,119,10573,07/25/2007
2464,36,119,10576,07/25/2007
2465,36,119,10577,07/25/2007
2466,36,119,10578,07/25/2007
2467,36,119,10579,07/25/2007
2468,36,119,10580,07/25/2007
2469,36,119,10583,07/25/2007
2470,36,119,10587,07/25/2007
2471,36,119,10588,07/25/2007
2472,36,119,10589,07/25/2007
2473,36,119,10590,07/25/2007
2474,36,119,10591,07/25/2007
2475,36,119,10594,07/25/2007
2476,36,119,10595,07/25/2007
2477,36,119,10596,07/25/2007
2478,36,119,10597,07/25/2007
2479,36,119,10598,07/25/2007
2480,36,119,10601,07/25/2007
2481,36,119,10602,07/25/2007
2482,36,119,10603,07/25/2007
2483,36,119,10604,07/25/2007
2484,36,119,10605,07/25/2007
2485,36,119,10606,07/25/2007
2486,36,119,10607,07/25/2007
2487,36,119,10610,07/25/2007
2488,36,119,10701,07/25/2007
2489,36,119,10702,07/25/2007
2490,36,119,10703,07/25/2007
2491,36,119,10704,07/25/2007
2492,36,119,10705,07/25/2007
2493,36,119,10706,07/25/2007
2494,36,119,10707,07/25/2007
2495,36,119,10708,07/25/2007
2496,36,119,10709,07/25/2007
2497,36,119,10710,07/25/2007
2498,36,119,10801,07/25/2007
2499,36,119,10802,07/25/2007
2500,36,119,10803,07/25/2007
2501,36,119,10804,07/25/2007
2502,36,119,10805,07/25/2007
2503,36,121,14004,07/25/2007
2504,36,121,14009,07/25/2007
2505,36,121,14011,07/25/2007
2506,36,121,14024,07/25/2007
2507,36,121,14030,07/25/2007
2508,36,121,14037,07/25/2007
2509,36,121,14039,07/25/2007
2510,36,121,14040,07/25/2007
2511,36,121,14054,07/25/2007
2512,36,121,14066,07/25/2007
2513,36,121,14082,07/25/2007
2514,36,121,14083,07/25/2007
2515,36,121,14113,07/25/2007
2516,36,121,14130,07/25/2007
2517,36,121,14145,07/25/2007
2518,36,121,14167,07/25/2007
2519,36,121,14427,07/25/2007
2520,36,121,14481,07/25/2007
2521,36,121,14525,07/25/2007
2522,36,121,14530,07/25/2007
2523,36,121,14536,07/25/2007
2524,36,121,14549,07/25/2007
2525,36,121,14550,07/25/2007
2526,36,121,14569,07/25/2007
2527,36,121,14591,07/25/2007
2528,36,121,14735,07/25/2007
2529,36,123,14415,07/25/2007
2530,36,123,14418,07/25/2007
2531,36,123,14441,07/25/2007
2532,36,123,14456,07/25/2007
2533,36,123,14478,07/25/2007
2534,36,123,14507,07/25/2007
2535,36,123,14512,07/25/2007
2536,36,123,14527,07/25/2007
2537,36,123,14544,07/25/2007
2538,36,123,14561,07/25/2007
2539,36,123,14837,07/25/2007
2540,36,123,14842,07/25/2007
2541,36,123,14857,07/25/2007
2542,36,123,14878,07/25/2007
